id,perc
01001,86.7
01003,83.6
01005,82.4
01007,82.0
01009,80.6
01011,80.9
01013,82.9
01015,84.6
01017,83.0
01019,82.9
01021,81.0
01023,84.1
01025,83.2
01027,83.5
01029,82.4
01031,84.3
01033,84.3
01035,85.0
01037,84.6
01039,83.8
01041,81.7
01043,82.3
01045,86.3
01047,84.8
01049,79.9
01051,84.9
01053,79.7
01055,83.1
01057,83.7
01059,80.7
01061,82.4
01063,84.6
01065,83.2
01067,83.6
01069,84.9
01071,83.8
01073,85.9
01075,83.3
01077,84.3
01079,83.1
01081,87.2
01083,84.6
01085,84.0
01087,85.6
01089,86.8
01091,85.1
01093,83.7
01095,80.9
01097,83.1
01099,83.7
01101,86.8
01103,83.9
01105,83.5
01107,83.6
01109,83.7
01111,82.0
01113,82.6
01115,83.9
01117,89.7
01119,84.2
01121,85.4
01123,85.1
01125,86.3
01127,83.1
01129,84.1
01131,82.0
01133,82.8
02013,68.3
02016,71.8
02020,82.8
02050,74.0
02060,72.4
02068,77.5
02070,69.0
02090,82.3
02100,74.6
02105,69.7
02110,81.8
02122,76.6
02130,78.0
02150,75.1
02164,59.7
02170,76.9
02180,69.6
02185,75.0
02188,71.1
02220,76.7
02230,80.7
02240,70.5
02261,76.5
02270,71.3
02282,67.1
02290,69.3
04001,74.2
04003,82.1
04005,75.8
04007,79.7
04009,79.4
04011,81.8
04012,74.8
04013,79.7
04015,78.2
04017,75.9
04019,81.4
04021,78.5
04023,71.6
04025,77.3
04027,75.2
05001,80.8
05003,81.1
05005,78.7
05007,80.8
05009,80.2
05011,75.2
05013,73.8
05015,73.1
05017,80.6
05019,80.1
05021,78.3
05023,77.6
05025,78.2
05027,80.7
05029,80.1
05031,80.7
05033,79.9
05035,81.1
05037,77.8
05039,77.5
05041,77.9
05043,79.0
05045,83.3
05047,79.3
05049,78.4
05051,77.3
05053,80.9
05055,81.3
05057,76.7
05059,79.9
05061,79.1
05063,81.8
05065,78.0
05067,79.5
05069,80.5
05071,78.5
05073,77.2
05075,78.5
05077,77.3
05079,76.9
05081,80.6
05083,79.8
05085,80.5
05087,76.3
05089,80.0
05091,79.5
05093,80.0
05095,77.0
05097,73.3
05099,78.7
05101,73.8
05103,80.7
05105,77.1
05107,80.5
05109,74.6
05111,78.4
05113,76.3
05115,80.2
05117,77.2
05119,84.3
05121,79.4
05123,79.4
05125,82.0
05127,77.3
05129,78.9
05131,79.1
05133,75.1
05135,78.7
05137,77.0
05139,82.0
05141,76.7
05143,78.5
05145,79.0
05147,75.8
05149,74.5
06001,86.8
06003,80.0
06005,83.7
06007,81.7
06009,83.5
06011,73.9
06013,87.8
06015,80.2
06017,85.7
06019,79.3
06021,75.8
06023,79.1
06025,76.3
06027,78.8
06029,79.9
06031,78.2
06033,80.3
06035,83.0
06037,76.2
06039,75.4
06041,88.7
06043,83.2
06045,77.6
06047,78.2
06049,78.7
06051,79.1
06053,76.7
06055,83.7
06057,83.9
06059,81.5
06061,88.6
06063,83.3
06065,77.9
06067,85.8
06069,80.4
06071,79.1
06073,81.6
06075,87.3
06077,82.1
06079,82.9
06081,87.3
06083,81.1
06085,87.9
06087,83.1
06089,81.9
06091,79.8
06093,80.7
06095,86.5
06097,84.0
06099,80.6
06101,78.3
06103,80.0
06105,80.1
06107,75.9
06109,83.1
06111,82.4
06113,85.4
06115,82.2
08001,77.6
08003,78.5
08005,82.9
08007,75.9
08009,77.3
08011,74.8
08013,85.1
08014,88.1
08015,77.9
08017,77.2
08019,86.0
08021,77.4
08023,76.0
08025,78.7
08027,73.5
08029,75.9
08031,77.8
08033,71.0
08035,91.8
08037,77.6
08039,84.9
08041,83.5
08043,78.4
08045,73.1
08047,91.9
08049,80.0
08051,80.1
08053,75.1
08055,78.1
08057,72.9
08059,85.5
08061,76.9
08063,72.1
08065,67.7
08067,77.5
08069,85.4
08071,78.1
08073,75.7
08075,78.4
08077,79.9
08079,71.5
08081,77.6
08083,74.5
08085,73.0
08087,73.6
08089,79.2
08091,75.4
08093,82.1
08095,74.2
08097,86.7
08099,74.3
08101,81.2
08103,80.4
08105,77.1
08107,85.7
08109,69.7
08111,72.3
08113,76.6
08115,72.9
08117,79.1
08119,85.4
08121,74.5
08123,78.7
08125,74.5
09001,88.7
09003,90.4
09005,90.7
09007,91.8
09009,89.7
09011,90.5
09013,92.1
09015,87.7
10001,88.0
10003,89.8
10005,84.2
11001,91.4
12001,79.4
12003,78.7
12005,79.2
12007,75.4
12009,79.0
12011,75.5
12013,74.0
12015,75.6
12017,75.9
12019,80.9
12021,71.5
12023,77.8
12027,63.1
12029,76.2
12031,80.8
12033,79.2
12035,77.0
12037,68.9
12039,77.5
12041,74.1
12043,67.7
12045,73.5
12047,75.3
12049,65.2
12051,63.5
12053,75.5
12055,70.4
12057,79.0
12059,75.6
12061,73.5
12063,79.3
12065,77.4
12067,65.6
12069,75.9
12071,74.7
12073,83.4
12075,74.2
12077,72.8
12079,75.3
12081,75.3
12083,73.9
12085,78.0
12086,67.9
12087,75.4
12089,78.4
12091,79.9
12093,66.8
12095,76.4
12097,72.3
12099,76.7
12101,75.0
12103,78.5
12105,77.6
12107,74.6
12109,83.1
12111,70.9
12113,80.5
12115,76.7
12117,80.3
12119,76.4
12121,74.0
12123,76.9
12125,75.4
12127,76.5
12129,77.9
12131,74.3
12133,77.2
13001,76.5
13003,71.8
13005,76.9
13007,76.6
13009,80.1
13011,77.2
13013,77.5
13015,80.6
13017,78.5
13019,78.6
13021,82.1
13023,81.1
13025,74.3
13027,76.3
13029,82.0
13031,78.1
13033,80.2
13035,79.1
13037,78.6
13039,80.9
13043,71.7
13045,79.8
13047,81.3
13049,77.0
13051,80.9
13053,82.0
13055,78.0
13057,82.6
13059,78.3
13061,78.1
13063,76.9
13065,77.5
13067,83.6
13069,75.8
13071,72.1
13073,85.4
13075,75.4
13077,82.9
13079,76.4
13081,78.1
13083,79.5
13085,79.2
13087,77.4
13089,77.5
13091,77.3
13093,78.4
13095,80.3
13097,80.5
13099,81.4
13101,62.7
13103,82.0
13105,76.3
13107,74.4
13109,74.2
13111,74.9
13113,87.9
13115,78.6
13117,86.1
13119,79.4
13121,82.1
13123,72.5
13125,79.4
13127,79.2
13129,76.5
13131,73.7
13133,77.8
13135,77.9
13137,76.1
13139,74.6
13141,77.5
13143,77.8
13145,83.0
13147,79.9
13149,78.5
13151,84.1
13153,82.5
13155,76.1
13157,76.7
13159,78.7
13161,75.8
13163,78.2
13165,77.8
13167,75.6
13169,81.0
13171,79.0
13173,75.7
13175,79.5
13177,83.1
13179,82.7
13181,71.7
13183,73.4
13185,81.6
13187,75.8
13189,79.2
13191,76.7
13193,76.4
13195,75.6
13197,76.2
13199,78.2
13201,77.2
13205,77.4
13207,80.8
13209,75.6
13211,79.9
13213,77.3
13215,82.6
13217,80.1
13219,84.5
13221,75.1
13223,81.1
13225,78.7
13227,77.1
13229,76.7
13231,79.4
13233,76.9
13235,77.2
13237,78.5
13239,70.4
13241,75.1
13243,76.9
13245,80.7
13247,79.0
13249,77.2
13251,79.5
13253,77.0
13255,78.7
13257,79.2
13259,77.0
13261,79.0
13263,76.7
13265,69.7
13267,72.6
13269,76.8
13271,79.9
13273,77.4
13275,80.3
13277,75.7
13279,76.0
13281,75.7
13283,73.6
13285,81.2
13287,74.0
13289,78.4
13291,75.8
13293,77.7
13295,80.0
13297,79.5
13299,77.9
13301,76.6
13303,79.1
13305,78.3
13307,72.3
13309,73.7
13311,77.1
13313,73.1
13315,76.4
13317,77.9
13319,78.8
13321,78.2
15001,89.7
15003,93.2
15007,90.3
15009,90.5
16001,85.1
16003,71.4
16005,83.9
16007,80.2
16009,79.2
16011,78.2
16013,79.9
16015,76.6
16017,79.6
16019,82.5
16021,76.8
16023,77.5
16025,73.4
16027,76.9
16029,81.4
16031,76.2
16033,71.1
16035,78.8
16037,79.2
16039,80.0
16041,80.6
16043,73.6
16045,76.1
16047,73.4
16049,78.7
16051,78.8
16053,74.2
16055,81.6
16057,83.5
16059,77.4
16061,80.9
16063,69.7
16065,85.3
16067,76.3
16069,83.9
16071,81.2
16073,70.6
16075,76.7
16077,75.9
16079,81.4
16081,72.6
16083,78.1
16085,78.8
16087,77.2
17001,89.2
17003,86.0
17005,86.3
17007,86.7
17009,83.8
17011,87.1
17013,85.4
17015,86.5
17017,85.7
17019,88.8
17021,88.8
17023,88.3
17025,87.3
17027,88.2
17029,88.2
17031,82.7
17033,87.2
17035,87.2
17037,87.9
17039,88.7
17041,84.3
17043,90.5
17045,87.4
17047,87.7
17049,88.5
17051,85.9
17053,88.6
17055,84.8
17057,86.3
17059,84.2
17061,85.5
17063,89.2
17065,84.5
17067,88.2
17069,85.0
17071,83.8
17073,88.5
17075,86.6
17077,86.4
17079,87.3
17081,87.1
17083,87.5
17085,87.7
17087,84.5
17089,85.6
17091,87.2
17093,89.2
17095,87.6
17097,88.3
17099,87.0
17101,86.4
17103,88.0
17105,88.0
17107,88.4
17109,87.8
17111,90.3
17113,91.2
17115,88.6
17117,87.3
17119,89.6
17121,87.1
17123,89.0
17125,86.4
17127,87.7
17129,89.0
17131,87.9
17133,91.6
17135,87.0
17137,88.5
17139,87.7
17141,88.0
17143,89.6
17145,86.2
17147,88.5
17149,86.2
17151,84.3
17153,84.9
17155,87.9
17157,87.2
17159,87.2
17161,87.5
17163,87.9
17165,88.0
17167,89.5
17169,86.3
17171,85.9
17173,88.1
17175,85.6
17177,89.2
17179,89.7
17181,86.2
17183,87.0
17185,86.8
17187,88.3
17189,88.5
17191,85.6
17193,86.0
17195,87.6
17197,89.1
17199,87.2
17201,87.1
17203,90.7
18001,82.9
18003,85.5
18005,85.4
18007,82.5
18009,85.2
18011,88.7
18013,82.6
18015,84.1
18017,83.0
18019,84.3
18021,84.8
18023,81.6
18025,83.0
18027,78.5
18029,87.0
18031,85.3
18033,86.3
18035,85.3
18037,88.0
18039,79.5
18041,83.9
18043,86.1
18045,84.9
18047,84.7
18049,83.2
18051,87.3
18053,85.0
18055,82.6
18057,91.8
18059,88.9
18061,85.7
18063,88.8
18065,85.3
18067,86.7
18069,85.9
18071,83.4
18073,85.1
18075,83.3
18077,86.3
18079,83.5
18081,86.3
18083,84.3
18085,83.5
18087,74.6
18089,84.0
18091,84.5
18093,84.1
18095,83.0
18097,83.7
18099,81.7
18101,83.7
18103,85.5
18105,85.1
18107,85.3
18109,85.2
18111,82.4
18113,82.9
18115,84.9
18117,83.9
18119,83.3
18121,82.5
18123,84.8
18125,86.1
18127,86.7
18129,88.2
18131,82.9
18133,85.6
18135,83.2
18137,85.9
18139,83.8
18141,84.6
18143,83.6
18145,85.0
18147,86.0
18149,82.2
18151,84.6
18153,82.5
18155,82.4
18157,85.4
18159,86.1
18161,82.5
18163,86.3
18165,85.4
18167,84.3
18169,85.4
18171,84.5
18173,87.1
18175,82.3
18177,83.0
18179,86.6
18181,81.9
18183,87.5
19001,89.5
19003,88.3
19005,86.5
19007,88.9
19009,86.2
19011,90.8
19013,89.8
19015,90.4
19017,91.7
19019,88.4
19021,85.6
19023,90.3
19025,89.2
19027,91.0
19029,88.2
19031,90.0
19033,90.5
19035,89.3
19037,88.8
19039,88.5
19041,88.8
19043,88.8
19045,90.7
19047,86.3
19049,91.9
19051,85.2
19053,88.0
19055,89.8
19057,90.1
19059,90.1
19061,91.3
19063,86.9
19065,89.4
19067,89.0
19069,86.0
19071,89.3
19073,87.4
19075,90.5
19077,89.1
19079,90.2
19081,89.5
19083,88.7
19085,89.5
19087,93.3
19089,87.4
19091,89.1
19093,88.5
19095,91.7
19097,88.2
19099,90.3
19101,88.9
19103,91.4
19105,89.4
19107,88.3
19109,89.9
19111,89.7
19113,91.7
19115,86.6
19117,87.1
19119,88.6
19121,89.8
19123,89.5
19125,91.8
19127,88.1
19129,90.1
19131,88.7
19133,87.8
19135,88.2
19137,89.3
19139,89.7
19141,87.8
19143,85.8
19145,89.9
19147,88.0
19149,91.1
19151,87.8
19153,90.9
19155,89.3
19157,90.8
19159,86.6
19161,87.7
19163,89.7
19165,90.8
19167,89.4
19169,90.7
19171,88.6
19173,86.5
19175,90.0
19177,87.6
19179,89.7
19181,91.8
19183,88.1
19185,88.2
19187,90.1
19189,91.4
19191,90.6
19193,87.3
19195,89.0
19197,88.2
20001,87.1
20003,83.8
20005,87.3
20007,84.7
20009,83.0
20011,87.2
20013,84.6
20015,88.0
20017,83.6
20019,80.9
20021,86.1
20023,83.8
20025,83.5
20027,85.1
20029,86.3
20031,87.4
20033,81.9
20035,87.4
20037,86.5
20039,82.4
20041,86.9
20043,84.9
20045,86.7
20047,82.5
20049,80.4
20051,87.0
20053,85.1
20055,80.2
20057,79.5
20059,88.1
20061,85.3
20063,83.9
20065,83.1
20067,78.9
20069,76.6
20071,80.4
20073,83.8
20075,75.6
20077,83.9
20079,87.5
20081,77.7
20083,84.0
20085,87.5
20087,87.8
20089,81.8
20091,91.8
20093,78.0
20095,86.2
20097,82.8
20099,87.0
20101,81.5
20103,88.5
20105,80.9
20107,84.9
20109,84.7
20111,83.6
20113,88.2
20115,86.7
20117,85.1
20119,79.2
20121,89.1
20123,85.2
20125,87.0
20127,82.9
20129,82.2
20131,86.9
20133,86.6
20135,83.2
20137,84.3
20139,88.2
20141,83.2
20143,85.8
20145,84.1
20147,85.6
20149,89.0
20151,84.5
20153,83.3
20155,86.6
20157,84.8
20159,83.8
20161,88.2
20163,83.9
20165,84.5
20167,83.7
20169,86.9
20171,82.4
20173,87.3
20175,77.4
20177,88.3
20179,85.7
20181,83.6
20183,84.4
20185,79.4
20187,73.5
20189,78.8
20191,87.4
20193,87.0
20195,86.2
20197,86.6
20199,80.5
20201,82.9
20203,76.5
20205,85.8
20207,82.3
20209,81.4
21001,79.2
21003,83.1
21005,85.1
21007,84.2
21009,83.6
21011,83.2
21013,82.9
21015,89.6
21017,83.6
21019,84.8
21021,84.3
21023,81.9
21025,83.8
21027,81.8
21029,86.3
21031,81.4
21033,83.9
21035,83.2
21037,87.4
21039,79.5
21041,84.1
21043,81.8
21045,79.4
21047,85.0
21049,84.7
21051,82.0
21053,81.6
21055,79.8
21057,78.6
21059,85.9
21061,80.7
21063,79.9
21065,81.4
21067,86.3
21069,81.4
21071,83.5
21073,85.7
21075,82.0
21077,82.3
21079,80.0
21081,83.1
21083,81.4
21085,82.3
21087,80.9
21089,84.5
21091,86.2
21093,86.5
21095,82.6
21097,84.0
21099,82.1
21101,86.3
21103,83.4
21105,79.4
21107,82.9
21109,81.4
21111,87.6
21113,84.2
21115,81.9
21117,88.5
21119,83.5
21121,82.3
21123,82.0
21125,82.1
21127,81.3
21129,82.3
21131,83.0
21133,83.1
21135,81.9
21137,81.6
21139,83.8
21141,83.0
21143,80.6
21145,85.7
21147,80.5
21149,81.4
21151,84.8
21153,82.7
21155,83.9
21157,85.1
21159,83.7
21161,83.7
21163,83.1
21165,78.4
21167,84.0
21169,81.6
21171,80.7
21173,83.1
21175,81.5
21177,82.3
21179,85.4
21181,80.7
21183,82.9
21185,90.0
21187,83.0
21189,82.5
21191,83.3
21193,82.7
21195,84.1
21197,81.2
21199,81.7
21201,79.1
21203,80.8
21205,83.6
21207,82.0
21209,88.3
21211,83.9
21213,85.0
21215,84.5
21217,83.4
21219,80.0
21221,84.1
21223,82.3
21225,83.2
21227,83.8
21229,82.7
21231,80.6
21233,81.5
21235,83.3
21237,83.1
21239,86.9
22001,79.6
22003,79.4
22005,84.5
22007,79.4
22009,78.3
22011,79.6
22013,81.2
22015,82.3
22017,81.2
22019,80.9
22021,75.2
22023,76.3
22025,75.9
22027,78.2
22029,78.7
22031,79.5
22033,83.8
22035,77.3
22037,80.4
22039,80.2
22041,76.3
22043,79.3
22045,79.6
22047,82.1
22049,79.3
22051,80.8
22053,81.0
22055,82.2
22057,81.0
22059,78.4
22061,80.0
22063,80.7
22065,76.3
22067,78.9
22069,79.3
22071,73.6
22073,81.2
22075,80.0
22077,79.7
22079,81.4
22081,77.7
22083,77.5
22085,75.7
22087,69.6
22089,85.5
22091,77.4
22093,83.0
22095,82.6
22097,79.6
22099,78.6
22101,79.2
22103,83.7
22105,79.7
22107,75.2
22109,80.3
22111,79.9
22113,78.3
22115,82.3
22117,78.3
22119,80.2
22121,81.6
22123,76.8
22125,78.5
22127,78.4
23001,87.8
23003,85.9
23005,89.9
23007,88.1
23009,84.6
23011,88.9
23013,85.2
23015,85.5
23017,87.1
23019,88.0
23021,85.7
23023,88.9
23025,87.2
23027,86.4
23029,83.5
23031,88.2
24001,86.3
24003,90.7
24005,89.0
24009,89.9
24011,83.9
24013,90.7
24015,87.7
24017,89.9
24019,85.5
24021,89.8
24023,83.3
24025,90.0
24027,92.7
24029,84.8
24031,87.7
24033,83.6
24035,87.4
24037,90.1
24039,83.3
24041,86.8
24043,86.0
24045,84.9
24047,83.6
24510,84.8
25001,95.0
25003,95.2
25005,94.6
25007,93.0
25009,95.5
25011,95.1
25013,95.1
25015,95.8
25017,96.3
25019,92.5
25021,96.6
25023,95.6
25025,94.2
25027,96.0
26001,84.0
26003,83.7
26005,86.9
26007,88.1
26009,85.0
26011,86.2
26013,82.7
26015,88.5
26017,88.1
26019,84.5
26021,85.9
26023,85.6
26025,87.4
26027,86.7
26029,86.9
26031,84.1
26033,84.4
26035,85.1
26037,90.1
26039,85.9
26041,88.0
26043,89.2
26045,90.6
26047,86.3
26049,89.3
26051,84.7
26053,86.3
26055,88.2
26057,88.2
26059,85.6
26061,86.2
26063,85.9
26065,88.2
26067,87.5
26069,85.6
26071,86.8
26073,85.7
26075,88.5
26077,89.0
26079,85.5
26081,87.9
26083,80.8
26085,84.8
26087,87.8
26089,86.2
26091,87.4
26093,90.3
26095,81.3
26097,83.1
26099,87.8
26101,86.1
26103,88.4
26105,86.4
26107,86.0
26109,87.3
26111,90.0
26113,83.0
26115,89.8
26117,85.6
26119,84.3
26121,87.8
26123,85.5
26125,89.9
26127,83.8
26129,85.6
26131,84.2
26133,86.9
26135,83.4
26137,87.3
26139,90.0
26141,83.9
26143,85.8
26145,88.4
26147,88.6
26149,85.0
26151,86.1
26153,83.1
26155,87.5
26157,86.9
26159,85.5
26161,90.7
26163,84.8
26165,87.5
27001,86.6
27003,90.9
27005,88.0
27007,85.0
27009,89.8
27011,87.5
27013,90.8
27015,91.1
27017,90.0
27019,93.6
27021,86.4
27023,88.9
27025,90.8
27027,90.2
27029,85.6
27031,84.8
27033,89.0
27035,88.7
27037,93.0
27039,90.1
27041,89.8
27043,88.7
27045,87.7
27047,89.0
27049,90.8
27051,87.0
27053,90.2
27055,90.1
27057,87.9
27059,89.6
27061,89.0
27063,90.9
27065,88.5
27067,90.2
27069,87.7
27071,88.6
27073,88.3
27075,89.9
27077,85.5
27079,89.2
27081,87.6
27083,90.2
27085,90.8
27087,85.8
27089,86.5
27091,90.7
27093,90.1
27095,87.5
27097,88.8
27099,89.1
27101,87.7
27103,92.4
27105,87.0
27107,86.6
27109,92.9
27111,88.8
27113,89.5
27115,87.5
27117,88.1
27119,89.2
27121,89.6
27123,90.0
27125,85.6
27127,88.4
27129,88.3
27131,89.1
27133,88.7
27135,90.8
27137,90.2
27139,92.6
27141,90.6
27143,88.0
27145,90.8
27147,90.9
27149,90.3
27151,87.8
27153,87.9
27155,86.1
27157,89.9
27159,89.1
27161,90.9
27163,93.8
27165,84.7
27167,89.3
27169,89.5
27171,90.9
27173,90.0
28001,79.7
28003,80.8
28005,79.5
28007,79.7
28009,78.4
28011,80.1
28013,78.5
28015,76.6
28017,78.3
28019,77.7
28021,80.0
28023,79.7
28025,80.5
28027,79.5
28029,80.9
28031,78.9
28033,83.0
28035,80.0
28037,76.4
28039,78.9
28041,75.7
28043,79.7
28045,81.7
28047,80.0
28049,82.6
28051,79.6
28053,78.1
28055,71.2
28057,79.1
28059,81.2
28061,81.0
28063,74.8
28065,78.4
28067,78.8
28069,76.2
28071,81.5
28073,81.5
28075,82.0
28077,79.6
28079,79.1
28081,81.4
28083,79.9
28085,79.5
28087,81.0
28089,86.4
28091,78.4
28093,78.5
28095,80.0
28097,78.5
28099,79.2
28101,79.6
28103,79.2
28105,80.1
28107,78.5
28109,78.4
28111,81.0
28113,79.9
28115,80.9
28117,81.0
28119,76.9
28121,84.2
28123,76.6
28125,74.5
28127,78.6
28129,80.1
28131,79.3
28133,77.7
28135,78.0
28137,79.4
28139,78.8
28141,79.7
28143,84.9
28145,79.8
28147,77.5
28149,82.9
28151,79.3
28153,78.4
28155,79.5
28157,75.2
28159,80.1
28161,79.9
28163,77.1
29001,84.3
29003,84.7
29005,81.4
29007,84.3
29009,83.5
29011,83.6
29013,81.9
29015,81.2
29017,79.5
29019,87.2
29021,86.0
29023,83.6
29025,82.4
29027,85.5
29029,82.9
29031,85.4
29033,82.7
29035,76.9
29037,87.1
29039,81.9
29041,82.8
29043,84.2
29045,79.7
29047,88.0
29049,84.7
29051,87.4
29053,83.7
29055,80.8
29057,81.4
29059,82.3
29061,79.7
29063,80.7
29065,82.1
29067,82.3
29069,82.4
29071,86.2
29073,83.5
29075,80.9
29077,84.8
29079,82.2
29081,82.1
29083,83.4
29085,77.7
29087,81.8
29089,82.9
29091,82.5
29093,80.1
29095,84.6
29097,80.8
29099,87.6
29101,85.2
29103,79.5
29105,82.9
29107,84.9
29109,81.3
29111,83.3
29113,84.1
29115,86.0
29117,83.9
29119,79.1
29121,83.3
29123,80.9
29125,81.3
29127,85.6
29129,80.7
29131,80.6
29133,81.5
29135,82.7
29137,83.5
29139,82.1
29141,78.6
29143,84.1
29145,82.8
29147,86.1
29149,81.9
29151,85.1
29153,79.3
29155,85.2
29157,85.0
29159,83.0
29161,82.3
29163,82.2
29165,90.0
29167,82.5
29169,85.1
29171,81.3
29173,85.6
29175,85.8
29177,85.0
29179,79.3
29181,81.6
29183,90.2
29185,80.7
29186,85.0
29187,84.2
29189,90.2
29195,83.1
29197,78.0
29199,78.6
29201,83.9
29203,79.4
29205,81.7
29207,81.4
29209,80.6
29211,80.2
29213,81.4
29215,82.0
29217,82.1
29219,84.5
29221,81.7
29223,82.1
29225,81.1
29227,76.8
29229,81.2
29510,83.0
30001,77.2
30003,72.6
30005,71.1
30007,77.6
30009,79.0
30011,71.1
30013,80.4
30015,74.0
30017,81.4
30019,76.8
30021,79.5
30023,79.0
30025,76.2
30027,78.7
30029,78.7
30031,81.6
30033,71.9
30035,71.6
30037,69.5
30039,72.3
30041,76.8
30043,83.6
30045,72.6
30047,74.1
30049,83.3
30051,73.6
30053,76.4
30055,76.8
30057,75.9
30059,68.2
30061,75.6
30063,81.4
30065,75.6
30067,78.1
30069,68.0
30071,70.4
30073,71.7
30075,70.5
30077,75.6
30079,74.2
30081,77.6
30083,79.7
30085,74.5
30087,78.1
30089,72.1
30091,76.1
30093,81.5
30095,83.9
30097,80.1
30099,74.1
30101,74.3
30103,69.7
30105,75.0
30107,65.1
30109,70.1
30111,83.1
31001,86.3
31003,85.3
31005,80.0
31007,81.5
31009,87.7
31011,86.6
31013,87.2
31015,81.4
31017,83.7
31019,87.6
31021,84.8
31023,86.9
31025,89.8
31027,84.8
31029,84.7
31031,84.3
31033,87.6
31035,85.1
31037,80.2
31039,82.2
31041,87.7
31043,83.1
31045,83.0
31047,81.7
31049,83.3
31051,85.9
31053,87.1
31055,88.7
31057,80.9
31059,86.3
31061,85.0
31063,83.1
31065,84.1
31067,87.9
31069,90.5
31071,78.5
31073,82.5
31075,80.1
31077,82.9
31079,84.2
31081,88.1
31083,83.1
31085,82.3
31087,83.6
31089,85.4
31091,80.7
31093,86.8
31095,86.1
31097,81.8
31099,87.0
31101,85.7
31103,82.8
31105,86.4
31107,83.2
31109,89.5
31111,88.3
31113,80.4
31115,84.8
31117,83.5
31119,86.3
31121,85.6
31123,83.7
31125,83.6
31127,87.2
31129,86.0
31131,88.3
31133,84.8
31135,84.3
31137,87.3
31139,84.4
31141,87.7
31143,85.7
31145,86.9
31147,84.1
31149,79.1
31151,87.2
31153,90.6
31155,88.2
31157,84.6
31159,89.5
31161,81.2
31163,84.4
31165,81.2
31167,86.4
31169,86.5
31171,83.9
31173,80.2
31175,85.8
31177,90.7
31179,86.4
31181,83.6
31183,85.0
31185,88.2
32001,75.3
32003,76.6
32005,81.4
32007,77.1
32009,66.5
32011,75.7
32013,75.6
32015,77.8
32017,68.9
32019,76.0
32021,75.2
32023,75.0
32027,72.0
32029,78.0
32031,77.5
32033,75.8
32510,74.9
33001,86.2
33003,84.1
33005,86.5
33007,84.4
33009,86.9
33011,88.3
33013,88.3
33015,89.5
33017,87.6
33019,85.3
34001,85.0
34003,87.3
34005,89.7
34007,86.5
34009,85.9
34011,83.2
34013,82.9
34015,89.5
34017,79.6
34019,92.5
34021,87.6
34023,87.1
34025,88.9
34027,91.8
34029,87.0
34031,80.3
34033,87.1
34035,91.7
34037,89.3
34039,82.1
34041,88.4
35001,79.8
35003,70.2
35005,73.7
35006,75.4
35007,77.7
35009,76.2
35011,67.4
35013,71.9
35015,77.6
35017,78.7
35019,70.6
35021,69.2
35023,70.2
35025,74.5
35027,73.5
35028,94.7
35029,69.0
35031,67.0
35033,72.9
35035,72.8
35037,74.7
35039,74.0
35041,74.9
35043,81.6
35045,70.2
35047,78.1
35049,74.9
35051,75.5
35053,72.9
35055,72.2
35057,75.7
35059,73.3
35061,76.6
36001,90.5
36003,88.3
36005,82.4
36007,88.1
36009,87.9
36011,86.0
36013,88.0
36015,88.9
36017,87.2
36019,87.2
36021,86.8
36023,88.1
36025,87.4
36027,88.5
36029,90.9
36031,85.6
36033,84.2
36035,88.1
36037,88.9
36039,84.7
36041,81.4
36043,87.5
36045,87.1
36047,85.1
36049,87.3
36051,88.5
36053,87.6
36055,91.5
36057,87.7
36059,89.9
36061,88.5
36063,88.5
36065,88.0
36067,89.1
36069,90.6
36071,87.0
36073,86.3
36075,89.1
36077,88.9
36079,90.1
36081,80.6
36083,89.3
36085,89.3
36087,88.6
36089,87.3
36091,90.4
36093,88.7
36095,88.1
36097,86.3
36099,86.5
36101,88.3
36103,88.6
36105,83.9
36107,89.9
36109,89.4
36111,86.4
36113,87.6
36115,85.8
36117,89.1
36119,88.2
36121,87.2
36123,85.4
37001,81.2
37003,81.6
37005,77.0
37007,81.9
37009,78.8
37011,76.5
37013,81.8
37015,81.9
37017,81.9
37019,77.0
37021,82.4
37023,80.8
37025,83.3
37027,80.7
37029,81.4
37031,80.7
37033,81.9
37035,81.6
37037,80.7
37039,79.4
37041,82.4
37043,78.5
37045,82.4
37047,81.0
37049,84.8
37051,85.7
37053,82.2
37055,81.9
37057,81.6
37059,83.2
37061,76.1
37063,84.4
37065,83.2
37067,83.9
37069,80.4
37071,82.3
37073,80.1
37075,77.2
37077,82.4
37079,76.2
37081,84.1
37083,82.4
37085,79.3
37087,80.7
37089,80.2
37091,83.5
37093,78.1
37095,77.9
37097,82.9
37099,80.0
37101,80.2
37103,78.2
37105,79.5
37107,81.3
37109,79.5
37111,81.8
37113,77.8
37115,80.9
37117,82.1
37119,83.9
37121,79.9
37123,77.2
37125,82.1
37127,83.3
37129,84.0
37131,83.7
37133,85.2
37135,86.0
37137,80.0
37139,82.3
37141,78.4
37143,80.4
37145,83.4
37147,82.6
37149,80.2
37151,79.6
37153,81.2
37155,76.2
37157,81.9
37159,81.6
37161,82.3
37163,76.8
37165,82.9
37167,81.7
37169,82.9
37171,80.1
37173,77.9
37175,81.7
37177,70.5
37179,83.5
37181,81.8
37183,86.4
37185,79.1
37187,83.4
37189,80.4
37191,82.5
37193,80.9
37195,81.2
37197,80.9
37199,77.6
38001,86.3
38003,88.9
38005,82.9
38007,80.7
38009,84.5
38011,86.0
38013,85.3
38015,90.6
38017,90.5
38019,85.9
38021,87.3
38023,83.9
38025,83.5
38027,83.6
38029,85.4
38031,86.7
38033,82.1
38035,88.6
38037,82.2
38039,84.4
38041,83.9
38043,84.1
38045,83.5
38047,78.4
38049,86.0
38051,84.9
38053,83.5
38055,87.2
38057,89.7
38059,87.4
38061,80.2
38063,84.7
38065,88.5
38067,85.6
38069,85.4
38071,87.1
38073,86.2
38075,86.2
38077,88.9
38079,83.1
38081,89.5
38083,82.4
38085,84.4
38087,86.1
38089,88.5
38091,84.7
38093,89.2
38095,84.0
38097,87.8
38099,87.3
38101,89.5
38103,85.2
38105,86.3
39001,83.7
39003,86.1
39005,85.4
39007,85.6
39009,84.7
39011,88.7
39013,85.1
39015,84.6
39017,88.2
39019,85.2
39021,87.7
39023,86.7
39025,86.7
39027,88.5
39029,85.1
39031,85.5
39033,84.8
39035,86.7
39037,85.6
39039,87.9
39041,92.5
39043,87.7
39045,87.8
39047,85.6
39049,86.5
39051,88.3
39053,85.8
39055,87.8
39057,89.6
39059,85.2
39061,87.0
39063,88.7
39065,85.9
39067,85.7
39069,86.3
39071,85.0
39073,85.2
39075,74.3
39077,85.7
39079,86.1
39081,86.5
39083,86.8
39085,88.4
39087,84.4
39089,87.7
39091,87.8
39093,86.6
39095,86.8
39097,87.2
39099,86.8
39101,86.8
39103,90.4
39105,83.1
39107,88.0
39109,87.3
39111,85.3
39113,86.8
39115,84.5
39117,84.0
39119,85.8
39121,83.4
39123,86.7
39125,85.8
39127,85.7
39129,86.5
39131,84.9
39133,87.5
39135,86.8
39137,87.8
39139,85.9
39141,86.1
39143,87.4
39145,86.0
39147,86.9
39149,89.0
39151,86.6
39153,87.4
39155,86.2
39157,84.3
39159,89.9
39161,87.0
39163,84.0
39165,90.0
39167,86.6
39169,83.7
39171,86.6
39173,89.9
39175,86.3
40001,74.6
40003,73.0
40005,73.1
40007,72.7
40009,76.9
40011,72.8
40013,75.2
40015,73.5
40017,82.8
40019,78.4
40021,72.1
40023,77.1
40025,67.1
40027,82.3
40029,71.1
40031,80.1
40033,76.5
40035,78.1
40037,78.0
40039,76.0
40041,74.6
40043,73.1
40045,75.9
40047,80.0
40049,76.9
40051,77.6
40053,73.7
40055,76.0
40057,68.2
40059,74.8
40061,75.1
40063,76.0
40065,79.6
40067,70.6
40069,76.3
40071,77.5
40073,76.5
40075,76.7
40077,74.7
40079,73.8
40081,77.5
40083,79.6
40085,76.6
40087,76.4
40089,75.9
40091,72.9
40093,76.8
40095,73.8
40097,75.4
40099,76.0
40101,76.9
40103,81.0
40105,75.5
40107,74.5
40109,78.4
40111,76.5
40113,76.7
40115,76.2
40117,75.6
40119,79.5
40121,77.3
40123,77.1
40125,77.5
40127,74.6
40129,72.7
40131,82.1
40133,77.8
40135,75.5
40137,78.6
40139,72.1
40141,73.8
40143,80.5
40145,80.8
40147,80.3
40149,75.5
40151,77.8
40153,78.5
41001,79.3
41003,85.3
41005,85.3
41007,79.0
41009,84.4
41011,80.7
41013,78.6
41015,77.3
41017,80.8
41019,81.6
41021,82.7
41023,78.6
41025,77.5
41027,75.2
41029,79.6
41031,74.4
41033,79.9
41035,78.9
41037,76.9
41039,81.4
41041,79.3
41043,80.8
41045,75.4
41047,77.9
41049,76.0
41051,83.2
41053,83.0
41055,75.1
41057,78.3
41059,78.9
41061,80.1
41063,78.7
41065,77.4
41067,85.4
41069,71.5
41071,80.9
42001,88.4
42003,90.9
42005,87.8
42007,90.3
42009,87.2
42011,89.6
42013,89.7
42015,88.4
42017,92.4
42019,91.3
42021,88.9
42023,87.5
42025,88.4
42027,89.4
42029,92.1
42031,87.3
42033,87.4
42035,88.5
42037,88.7
42039,86.8
42041,90.7
42043,89.8
42045,90.9
42047,90.1
42049,89.0
42051,87.9
42053,86.6
42055,87.2
42057,87.1
42059,89.1
42061,87.2
42063,88.0
42065,87.9
42067,86.4
42069,89.8
42071,86.8
42073,87.9
42075,88.4
42077,88.4
42079,89.6
42081,89.3
42083,89.7
42085,89.3
42087,87.1
42089,87.8
42091,92.7
42093,92.1
42095,90.2
42097,87.9
42099,87.1
42101,86.2
42103,87.6
42105,88.7
42107,89.3
42109,87.6
42111,86.7
42113,84.4
42115,87.3
42117,87.3
42119,86.3
42121,89.1
42123,90.0
42125,89.3
42127,86.8
42129,90.1
42131,89.0
42133,89.7
44001,91.2
44003,91.6
44005,91.4
44007,85.8
44009,92.1
45001,81.2
45003,81.9
45005,77.9
45007,80.5
45009,79.4
45011,80.2
45013,80.7
45015,79.8
45017,80.9
45019,81.5
45021,79.7
45023,81.8
45025,79.7
45027,78.3
45029,79.7
45031,80.5
45033,79.8
45035,81.5
45037,79.6
45039,81.1
45041,81.2
45043,77.3
45045,81.4
45047,81.4
45049,78.6
45051,76.4
45053,71.9
45055,81.3
45057,79.3
45059,81.0
45061,78.0
45063,83.6
45065,79.4
45067,79.7
45069,80.3
45071,78.2
45073,80.0
45075,80.3
45077,80.1
45079,83.8
45081,76.3
45083,79.2
45085,81.7
45087,82.2
45089,78.8
45091,82.0
46003,83.6
46005,87.0
46007,77.8
46009,85.0
46011,89.5
46013,89.4
46015,81.3
46017,81.6
46019,82.7
46021,84.2
46023,81.9
46025,82.3
46027,87.3
46029,88.6
46031,80.0
46033,83.4
46035,87.4
46037,83.3
46039,86.6
46041,78.5
46043,81.7
46045,85.2
46047,84.9
46049,81.6
46051,87.0
46053,79.5
46055,84.5
46057,85.3
46059,84.5
46061,82.4
46063,82.7
46065,88.0
46067,85.3
46069,86.0
46071,81.9
46073,87.0
46075,79.0
46077,86.3
46079,88.1
46081,86.6
46083,91.2
46085,77.9
46087,86.1
46089,79.6
46091,80.5
46093,87.5
46095,81.1
46097,85.6
46099,89.8
46101,85.8
46103,86.8
46105,83.6
46107,85.5
46109,81.7
46111,84.7
46113,85.4
46115,85.5
46117,83.5
46119,82.2
46121,85.4
46123,81.4
46125,87.6
46127,91.9
46129,83.1
46135,89.4
46137,79.4
47001,87.2
47003,80.0
47005,82.7
47007,81.9
47009,86.3
47011,84.3
47013,83.8
47015,82.7
47017,84.2
47019,82.7
47021,85.7
47023,83.7
47025,84.7
47027,81.1
47029,82.4
47031,84.0
47033,80.1
47035,83.0
47037,84.8
47039,82.4
47041,82.3
47043,85.0
47045,85.1
47047,85.1
47049,83.3
47051,85.4
47053,85.6
47055,85.1
47057,82.9
47059,84.4
47061,81.1
47063,81.8
47065,85.4
47067,84.0
47069,84.3
47071,83.8
47073,84.5
47075,84.3
47077,84.9
47079,83.9
47081,81.2
47083,82.1
47085,84.4
47087,83.2
47089,83.6
47091,82.9
47093,87.9
47095,80.3
47097,85.0
47099,82.8
47101,82.3
47103,84.8
47105,85.5
47107,84.6
47109,83.2
47111,80.4
47113,86.4
47115,83.1
47117,85.4
47119,85.5
47121,84.8
47123,83.0
47125,87.0
47127,84.2
47129,83.1
47131,85.3
47133,83.0
47135,83.3
47137,79.4
47139,82.1
47141,83.3
47143,84.6
47145,85.4
47147,84.0
47149,87.0
47151,84.0
47153,83.0
47155,80.1
47157,85.2
47159,84.5
47161,83.6
47163,86.2
47165,86.4
47167,85.1
47169,80.8
47171,85.0
47173,81.1
47175,82.3
47177,81.6
47179,85.8
47181,81.7
47183,85.1
47185,83.1
47187,91.7
47189,87.6
48001,75.9
48003,72.3
48005,74.8
48007,68.4
48009,76.1
48011,73.0
48013,72.1
48015,75.4
48017,63.7
48019,73.2
48021,75.4
48023,73.7
48025,73.7
48027,82.2
48029,76.4
48031,72.6
48033,76.3
48035,74.7
48037,78.9
48039,77.7
48041,79.3
48043,69.0
48045,61.6
48047,73.2
48049,76.4
48051,74.5
48053,71.7
48055,72.9
48057,74.4
48059,74.7
48061,64.1
48063,73.8
48065,85.0
48067,77.3
48069,65.5
48071,79.1
48073,71.5
48075,67.8
48077,76.3
48079,66.3
48081,70.4
48083,70.8
48085,83.3
48087,64.3
48089,72.6
48091,79.8
48093,70.0
48095,66.5
48097,74.3
48099,79.0
48101,63.8
48103,69.8
48105,64.3
48107,68.1
48109,57.7
48111,62.3
48113,68.8
48115,70.5
48117,67.4
48119,75.1
48121,82.8
48123,74.5
48125,69.3
48127,70.4
48129,65.6
48131,75.8
48133,73.8
48135,70.5
48137,60.5
48139,76.8
48141,67.1
48143,73.1
48145,73.1
48147,74.1
48149,74.3
48151,72.2
48153,67.3
48155,62.8
48157,80.1
48159,80.0
48161,76.5
48163,71.3
48165,64.1
48167,78.8
48169,68.2
48171,72.0
48173,67.2
48175,73.8
48177,69.2
48179,73.9
48181,76.2
48183,75.9
48185,72.5
48187,77.5
48189,72.5
48191,60.5
48193,70.8
48195,64.6
48197,70.5
48199,80.2
48201,71.8
48203,77.4
48205,74.4
48207,67.7
48209,77.2
48211,72.7
48213,73.9
48215,61.1
48217,70.0
48219,72.6
48221,77.5
48223,73.2
48225,72.3
48227,76.1
48229,55.5
48231,76.7
48233,76.2
48235,73.6
48237,73.9
48239,75.1
48241,76.5
48243,61.5
48245,77.2
48247,71.8
48249,74.9
48251,74.8
48253,72.8
48255,71.1
48257,74.2
48259,80.2
48261,54.6
48263,68.6
48265,73.6
48267,64.0
48269,74.0
48271,68.4
48273,73.4
48275,69.5
48277,77.5
48279,71.5
48281,73.4
48283,69.1
48285,77.1
48287,73.4
48289,75.5
48291,72.5
48293,73.9
48295,69.9
48297,72.4
48299,77.1
48301,73.8
48303,78.7
48305,68.0
48307,69.9
48309,76.1
48311,70.8
48313,72.0
48315,75.5
48317,69.7
48319,66.0
48321,72.8
48323,64.4
48325,73.2
48327,61.8
48329,76.2
48331,76.0
48333,70.6
48335,70.3
48337,73.5
48339,79.1
48341,69.0
48343,77.6
48345,66.6
48347,74.9
48349,71.7
48351,75.2
48353,75.2
48355,75.2
48357,66.4
48359,73.2
48361,79.7
48363,71.8
48365,76.6
48367,78.6
48369,66.8
48371,67.2
48373,72.9
48375,73.2
48377,56.9
48379,70.7
48381,81.1
48383,64.5
48385,65.4
48387,74.8
48389,67.1
48391,72.0
48393,80.5
48395,75.7
48397,81.4
48399,72.4
48401,75.6
48403,74.8
48405,75.0
48407,71.3
48409,77.2
48411,66.0
48413,63.7
48415,75.0
48417,71.2
48419,72.8
48421,62.1
48423,76.3
48425,75.3
48427,65.0
48429,68.1
48431,69.4
48433,68.9
48435,67.5
48437,68.7
48439,77.4
48441,78.1
48443,62.3
48445,70.0
48447,66.1
48449,69.9
48451,76.6
48453,78.0
48455,74.0
48457,74.4
48459,73.9
48461,68.8
48463,68.5
48465,68.4
48467,73.6
48469,76.8
48471,73.3
48473,71.8
48475,75.1
48477,77.6
48479,63.6
48481,72.9
48483,69.4
48485,78.6
48487,75.3
48489,67.4
48491,82.9
48493,77.9
48495,68.6
48497,74.6
48499,72.1
48501,67.3
48503,72.7
48505,64.6
48507,70.9
49001,78.4
49003,85.9
49005,84.1
49007,86.1
49009,75.5
49011,88.2
49013,79.4
49015,83.8
49017,80.4
49019,74.7
49021,80.5
49023,80.7
49025,80.3
49027,82.8
49029,84.6
49031,77.8
49033,77.6
49035,83.4
49037,73.9
49039,80.6
49041,82.7
49043,86.4
49045,84.5
49047,79.0
49049,84.0
49051,81.5
49053,79.3
49055,80.7
49057,83.4
50001,89.3
50003,89.4
50005,87.8
50007,91.7
50009,85.3
50011,90.2
50013,85.7
50015,88.1
50017,88.0
50019,87.5
50021,89.2
50023,90.8
50025,88.8
50027,89.4
51001,79.2
51003,87.9
51005,86.4
51007,80.9
51009,83.7
51011,83.4
51013,89.9
51015,86.7
51017,81.2
51019,86.4
51021,84.6
51023,88.0
51025,82.2
51027,84.6
51029,80.0
51031,84.3
51033,82.8
51035,82.3
51036,78.8
51037,80.8
51041,89.2
51043,86.7
51045,80.6
51047,83.6
51049,79.5
51051,84.6
51053,84.7
51057,83.1
51059,88.9
51061,86.8
51063,81.2
51065,84.6
51067,84.0
51069,86.0
51071,85.5
51073,84.7
51075,90.3
51077,83.6
51079,83.7
51081,84.2
51083,83.8
51085,90.3
51087,88.3
51089,82.2
51091,73.7
51093,86.7
51095,89.3
51097,80.5
51099,88.3
51101,86.0
51103,81.7
51105,84.2
51107,91.3
51109,84.7
51111,82.2
51113,82.6
51115,83.0
51117,81.9
51119,80.7
51121,85.3
51125,82.6
51127,86.9
51131,82.0
51133,81.1
51135,81.3
51137,83.6
51139,81.3
51141,82.4
51143,84.0
51145,85.1
51147,84.2
51149,86.9
51153,86.3
51155,87.0
51157,81.3
51159,78.8
51161,89.5
51163,83.4
51165,83.9
51167,83.9
51169,84.2
51171,83.5
51173,85.6
51175,83.7
51177,88.1
51179,89.1
51181,84.7
51183,80.9
51185,83.9
51187,85.0
51191,84.5
51193,80.3
51195,84.8
51197,84.5
51199,89.9
51510,87.2
51520,85.7
51530,83.4
51540,84.5
51550,87.7
51570,84.9
51580,81.6
51590,84.7
51595,81.3
51600,85.2
51610,91.6
51620,83.1
51630,85.1
51640,81.1
51650,86.8
51660,81.3
51670,82.7
51678,83.5
51680,87.1
51683,81.8
51685,79.5
51690,83.4
51700,86.7
51710,84.2
51720,87.1
51730,83.7
51735,89.2
51740,85.3
51750,84.1
51760,83.8
51770,84.5
51775,88.1
51790,84.8
51800,86.8
51810,88.4
51820,82.6
51830,89.1
51840,82.1
53001,76.6
53003,85.6
53005,86.4
53007,80.9
53009,81.9
53011,86.0
53013,81.9
53015,84.8
53017,80.3
53019,82.3
53021,73.9
53023,81.5
53025,78.1
53027,82.0
53029,87.3
53031,84.1
53033,88.6
53035,86.9
53037,83.5
53039,82.3
53041,83.5
53043,85.6
53045,83.8
53047,78.8
53049,80.4
53051,85.2
53053,86.6
53055,83.6
53057,82.9
53059,85.5
53061,86.7
53063,86.7
53065,84.1
53067,87.5
53069,83.3
53071,84.3
53073,84.1
53075,85.1
53077,75.9
54001,80.6
54003,83.3
54005,84.4
54007,80.1
54009,84.7
54011,83.6
54013,77.8
54015,80.8
54017,76.9
54019,80.7
54021,76.6
54023,80.7
54025,80.7
54027,78.6
54029,84.7
54031,82.6
54033,82.0
54035,83.2
54037,84.9
54039,83.8
54041,79.7
54043,79.9
54045,81.7
54047,81.9
54049,82.5
54051,83.8
54053,85.3
54055,82.6
54057,84.0
54059,81.2
54061,83.1
54063,79.4
54065,80.7
54067,80.1
54069,84.3
54071,78.5
54073,82.0
54075,80.3
54077,79.0
54079,86.0
54081,82.6
54083,80.8
54085,80.3
54087,79.3
54089,79.6
54091,80.8
54093,79.4
54095,82.5
54097,81.0
54099,82.2
54101,79.1
54103,82.5
54105,76.4
54107,84.4
54109,80.8
55001,87.9
55003,87.5
55005,89.0
55007,85.0
55009,90.3
55011,90.3
55013,87.3
55015,91.7
55017,89.2
55019,83.8
55021,91.0
55023,89.1
55025,91.8
55027,90.6
55029,88.3
55031,89.3
55033,89.4
55035,90.4
55037,85.3
55039,91.5
55041,83.1
55043,89.4
55045,89.7
55047,88.7
55049,90.1
55051,85.4
55053,87.0
55055,89.8
55057,88.0
55059,89.4
55061,90.0
55063,91.9
55065,87.9
55067,88.4
55069,89.5
55071,90.3
55073,90.9
55075,90.5
55077,88.0
55078,86.2
55079,87.8
55081,87.1
55083,89.3
55085,89.3
55087,91.0
55089,93.2
55091,87.4
55093,90.3
55095,89.3
55097,91.1
55099,89.7
55101,89.2
55103,88.3
55105,89.1
55107,89.1
55109,92.2
55111,90.0
55113,84.6
55115,87.5
55117,90.3
55119,89.3
55121,90.3
55123,86.8
55125,85.3
55127,88.7
55129,87.6
55131,92.2
55133,93.6
55135,90.4
55137,85.8
55139,90.6
55141,91.1
56001,84.1
56003,82.2
56005,86.4
56007,82.6
56009,85.8
56011,81.8
56013,80.1
56015,83.5
56017,81.3
56019,81.9
56021,85.9
56023,83.0
56025,84.8
56027,78.0
56029,83.9
56031,80.8
56033,83.9
56035,84.8
56037,85.5
56039,84.7
56041,84.5
56043,81.3
56045,82.2
