,FIPS,2008_perc
0,01001,86.7
1,01003,83.6
2,01005,82.4
3,01007,82.0
4,01009,80.6
5,01011,80.9
6,01013,82.9
7,01015,84.6
8,01017,83.0
9,01019,82.9
10,01021,81.0
11,01023,84.1
12,01025,83.2
13,01027,83.5
14,01029,82.4
15,01031,84.3
16,01033,84.3
17,01035,85.0
18,01037,84.6
19,01039,83.8
20,01041,81.7
21,01043,82.3
22,01045,86.3
23,01047,84.8
24,01049,79.9
25,01051,84.9
26,01053,79.7
27,01055,83.1
28,01057,83.7
29,01059,80.7
30,01061,82.4
31,01063,84.6
32,01065,83.2
33,01067,83.6
34,01069,84.9
35,01071,83.8
36,01073,85.9
37,01075,83.3
38,01077,84.3
39,01079,83.1
40,01081,87.2
41,01083,84.6
42,01085,84.0
43,01087,85.6
44,01089,86.8
45,01091,85.1
46,01093,83.7
47,01095,80.9
48,01097,83.1
49,01099,83.7
50,01101,86.8
51,01103,83.9
52,01105,83.5
53,01107,83.6
54,01109,83.7
55,01111,82.0
56,01113,82.6
57,01115,83.9
58,01117,89.7
59,01119,84.2
60,01121,85.4
61,01123,85.1
62,01125,86.3
63,01127,83.1
64,01129,84.1
65,01131,82.0
66,01133,82.8
67,02013,68.3
68,02016,71.8
69,02020,82.8
70,02050,74.0
71,02060,72.4
72,02068,77.5
73,02070,69.0
74,02090,82.3
75,02100,74.6
76,02105,69.7
77,02110,81.8
78,02122,76.6
79,02130,78.0
80,02150,75.1
81,02164,59.7
82,02170,76.9
83,02180,69.6
84,02185,75.0
85,02188,71.1
86,02220,76.7
87,02230,80.7
88,02240,70.5
89,02261,76.5
90,02270,71.3
91,02282,67.1
92,02290,69.3
93,04001,74.2
94,04003,82.1
95,04005,75.8
96,04007,79.7
97,04009,79.4
98,04011,81.8
99,04012,74.8
100,04013,79.7
101,04015,78.2
102,04017,75.9
103,04019,81.4
104,04021,78.5
105,04023,71.6
106,04025,77.3
107,04027,75.2
108,05001,80.8
109,05003,81.1
110,05005,78.7
111,05007,80.8
112,05009,80.2
113,05011,75.2
114,05013,73.8
115,05015,73.1
116,05017,80.6
117,05019,80.1
118,05021,78.3
119,05023,77.6
120,05025,78.2
121,05027,80.7
122,05029,80.1
123,05031,80.7
124,05033,79.9
125,05035,81.1
126,05037,77.8
127,05039,77.5
128,05041,77.9
129,05043,79.0
130,05045,83.3
131,05047,79.3
132,05049,78.4
133,05051,77.3
134,05053,80.9
135,05055,81.3
136,05057,76.7
137,05059,79.9
138,05061,79.1
139,05063,81.8
140,05065,78.0
141,05067,79.5
142,05069,80.5
143,05071,78.5
144,05073,77.2
145,05075,78.5
146,05077,77.3
147,05079,76.9
148,05081,80.6
149,05083,79.8
150,05085,80.5
151,05087,76.3
152,05089,80.0
153,05091,79.5
154,05093,80.0
155,05095,77.0
156,05097,73.3
157,05099,78.7
158,05101,73.8
159,05103,80.7
160,05105,77.1
161,05107,80.5
162,05109,74.6
163,05111,78.4
164,05113,76.3
165,05115,80.2
166,05117,77.2
167,05119,84.3
168,05121,79.4
169,05123,79.4
170,05125,82.0
171,05127,77.3
172,05129,78.9
173,05131,79.1
174,05133,75.1
175,05135,78.7
176,05137,77.0
177,05139,82.0
178,05141,76.7
179,05143,78.5
180,05145,79.0
181,05147,75.8
182,05149,74.5
183,06001,86.8
184,06003,80.0
185,06005,83.7
186,06007,81.7
187,06009,83.5
188,06011,73.9
189,06013,87.8
190,06015,80.2
191,06017,85.7
192,06019,79.3
193,06021,75.8
194,06023,79.1
195,06025,76.3
196,06027,78.8
197,06029,79.9
198,06031,78.2
199,06033,80.3
200,06035,83.0
201,06037,76.2
202,06039,75.4
203,06041,88.7
204,06043,83.2
205,06045,77.6
206,06047,78.2
207,06049,78.7
208,06051,79.1
209,06053,76.7
210,06055,83.7
211,06057,83.9
212,06059,81.5
213,06061,88.6
214,06063,83.3
215,06065,77.9
216,06067,85.8
217,06069,80.4
218,06071,79.1
219,06073,81.6
220,06075,87.3
221,06077,82.1
222,06079,82.9
223,06081,87.3
224,06083,81.1
225,06085,87.9
226,06087,83.1
227,06089,81.9
228,06091,79.8
229,06093,80.7
230,06095,86.5
231,06097,84.0
232,06099,80.6
233,06101,78.3
234,06103,80.0
235,06105,80.1
236,06107,75.9
237,06109,83.1
238,06111,82.4
239,06113,85.4
240,06115,82.2
241,08001,77.6
242,08003,78.5
243,08005,82.9
244,08007,75.9
245,08009,77.3
246,08011,74.8
247,08013,85.1
248,08014,88.1
249,08015,77.9
250,08017,77.2
251,08019,86.0
252,08021,77.4
253,08023,76.0
254,08025,78.7
255,08027,73.5
256,08029,75.9
257,08031,77.8
258,08033,71.0
259,08035,91.8
260,08037,77.6
261,08039,84.9
262,08041,83.5
263,08043,78.4
264,08045,73.1
265,08047,91.9
266,08049,80.0
267,08051,80.1
268,08053,75.1
269,08055,78.1
270,08057,72.9
271,08059,85.5
272,08061,76.9
273,08063,72.1
274,08065,67.7
275,08067,77.5
276,08069,85.4
277,08071,78.1
278,08073,75.7
279,08075,78.4
280,08077,79.9
281,08079,71.5
282,08081,77.6
283,08083,74.5
284,08085,73.0
285,08087,73.6
286,08089,79.2
287,08091,75.4
288,08093,82.1
289,08095,74.2
290,08097,86.7
291,08099,74.3
292,08101,81.2
293,08103,80.4
294,08105,77.1
295,08107,85.7
296,08109,69.7
297,08111,72.3
298,08113,76.6
299,08115,72.9
300,08117,79.1
301,08119,85.4
302,08121,74.5
303,08123,78.7
304,08125,74.5
305,09001,88.7
306,09003,90.4
307,09005,90.7
308,09007,91.8
309,09009,89.7
310,09011,90.5
311,09013,92.1
312,09015,87.7
313,10001,88.0
314,10003,89.8
315,10005,84.2
316,11001,91.4
317,12001,79.4
318,12003,78.7
319,12005,79.2
320,12007,75.4
321,12009,79.0
322,12011,75.5
323,12013,74.0
324,12015,75.6
325,12017,75.9
326,12019,80.9
327,12021,71.5
328,12023,77.8
329,12027,63.1
330,12029,76.2
331,12031,80.8
332,12033,79.2
333,12035,77.0
334,12037,68.9
335,12039,77.5
336,12041,74.1
337,12043,67.7
338,12045,73.5
339,12047,75.3
340,12049,65.2
341,12051,63.5
342,12053,75.5
343,12055,70.4
344,12057,79.0
345,12059,75.6
346,12061,73.5
347,12063,79.3
348,12065,77.4
349,12067,65.6
350,12069,75.9
351,12071,74.7
352,12073,83.4
353,12075,74.2
354,12077,72.8
355,12079,75.3
356,12081,75.3
357,12083,73.9
358,12085,78.0
359,12086,67.9
360,12087,75.4
361,12089,78.4
362,12091,79.9
363,12093,66.8
364,12095,76.4
365,12097,72.3
366,12099,76.7
367,12101,75.0
368,12103,78.5
369,12105,77.6
370,12107,74.6
371,12109,83.1
372,12111,70.9
373,12113,80.5
374,12115,76.7
375,12117,80.3
376,12119,76.4
377,12121,74.0
378,12123,76.9
379,12125,75.4
380,12127,76.5
381,12129,77.9
382,12131,74.3
383,12133,77.2
384,13001,76.5
385,13003,71.8
386,13005,76.9
387,13007,76.6
388,13009,80.1
389,13011,77.2
390,13013,77.5
391,13015,80.6
392,13017,78.5
393,13019,78.6
394,13021,82.1
395,13023,81.1
396,13025,74.3
397,13027,76.3
398,13029,82.0
399,13031,78.1
400,13033,80.2
401,13035,79.1
402,13037,78.6
403,13039,80.9
404,13043,71.7
405,13045,79.8
406,13047,81.3
407,13049,77.0
408,13051,80.9
409,13053,82.0
410,13055,78.0
411,13057,82.6
412,13059,78.3
413,13061,78.1
414,13063,76.9
415,13065,77.5
416,13067,83.6
417,13069,75.8
418,13071,72.1
419,13073,85.4
420,13075,75.4
421,13077,82.9
422,13079,76.4
423,13081,78.1
424,13083,79.5
425,13085,79.2
426,13087,77.4
427,13089,77.5
428,13091,77.3
429,13093,78.4
430,13095,80.3
431,13097,80.5
432,13099,81.4
433,13101,62.7
434,13103,82.0
435,13105,76.3
436,13107,74.4
437,13109,74.2
438,13111,74.9
439,13113,87.9
440,13115,78.6
441,13117,86.1
442,13119,79.4
443,13121,82.1
444,13123,72.5
445,13125,79.4
446,13127,79.2
447,13129,76.5
448,13131,73.7
449,13133,77.8
450,13135,77.9
451,13137,76.1
452,13139,74.6
453,13141,77.5
454,13143,77.8
455,13145,83.0
456,13147,79.9
457,13149,78.5
458,13151,84.1
459,13153,82.5
460,13155,76.1
461,13157,76.7
462,13159,78.7
463,13161,75.8
464,13163,78.2
465,13165,77.8
466,13167,75.6
467,13169,81.0
468,13171,79.0
469,13173,75.7
470,13175,79.5
471,13177,83.1
472,13179,82.7
473,13181,71.7
474,13183,73.4
475,13185,81.6
476,13187,75.8
477,13189,79.2
478,13191,76.7
479,13193,76.4
480,13195,75.6
481,13197,76.2
482,13199,78.2
483,13201,77.2
484,13205,77.4
485,13207,80.8
486,13209,75.6
487,13211,79.9
488,13213,77.3
489,13215,82.6
490,13217,80.1
491,13219,84.5
492,13221,75.1
493,13223,81.1
494,13225,78.7
495,13227,77.1
496,13229,76.7
497,13231,79.4
498,13233,76.9
499,13235,77.2
500,13237,78.5
501,13239,70.4
502,13241,75.1
503,13243,76.9
504,13245,80.7
505,13247,79.0
506,13249,77.2
507,13251,79.5
508,13253,77.0
509,13255,78.7
510,13257,79.2
511,13259,77.0
512,13261,79.0
513,13263,76.7
514,13265,69.7
515,13267,72.6
516,13269,76.8
517,13271,79.9
518,13273,77.4
519,13275,80.3
520,13277,75.7
521,13279,76.0
522,13281,75.7
523,13283,73.6
524,13285,81.2
525,13287,74.0
526,13289,78.4
527,13291,75.8
528,13293,77.7
529,13295,80.0
530,13297,79.5
531,13299,77.9
532,13301,76.6
533,13303,79.1
534,13305,78.3
535,13307,72.3
536,13309,73.7
537,13311,77.1
538,13313,73.1
539,13315,76.4
540,13317,77.9
541,13319,78.8
542,13321,78.2
543,15001,89.7
544,15003,93.2
545,15007,90.3
546,15009,90.5
547,16001,85.1
548,16003,71.4
549,16005,83.9
550,16007,80.2
551,16009,79.2
552,16011,78.2
553,16013,79.9
554,16015,76.6
555,16017,79.6
556,16019,82.5
557,16021,76.8
558,16023,77.5
559,16025,73.4
560,16027,76.9
561,16029,81.4
562,16031,76.2
563,16033,71.1
564,16035,78.8
565,16037,79.2
566,16039,80.0
567,16041,80.6
568,16043,73.6
569,16045,76.1
570,16047,73.4
571,16049,78.7
572,16051,78.8
573,16053,74.2
574,16055,81.6
575,16057,83.5
576,16059,77.4
577,16061,80.9
578,16063,69.7
579,16065,85.3
580,16067,76.3
581,16069,83.9
582,16071,81.2
583,16073,70.6
584,16075,76.7
585,16077,75.9
586,16079,81.4
587,16081,72.6
588,16083,78.1
589,16085,78.8
590,16087,77.2
591,17001,89.2
592,17003,86.0
593,17005,86.3
594,17007,86.7
595,17009,83.8
596,17011,87.1
597,17013,85.4
598,17015,86.5
599,17017,85.7
600,17019,88.8
601,17021,88.8
602,17023,88.3
603,17025,87.3
604,17027,88.2
605,17029,88.2
606,17031,82.7
607,17033,87.2
608,17035,87.2
609,17037,87.9
610,17039,88.7
611,17041,84.3
612,17043,90.5
613,17045,87.4
614,17047,87.7
615,17049,88.5
616,17051,85.9
617,17053,88.6
618,17055,84.8
619,17057,86.3
620,17059,84.2
621,17061,85.5
622,17063,89.2
623,17065,84.5
624,17067,88.2
625,17069,85.0
626,17071,83.8
627,17073,88.5
628,17075,86.6
629,17077,86.4
630,17079,87.3
631,17081,87.1
632,17083,87.5
633,17085,87.7
634,17087,84.5
635,17089,85.6
636,17091,87.2
637,17093,89.2
638,17095,87.6
639,17097,88.3
640,17099,87.0
641,17101,86.4
642,17103,88.0
643,17105,88.0
644,17107,88.4
645,17109,87.8
646,17111,90.3
647,17113,91.2
648,17115,88.6
649,17117,87.3
650,17119,89.6
651,17121,87.1
652,17123,89.0
653,17125,86.4
654,17127,87.7
655,17129,89.0
656,17131,87.9
657,17133,91.6
658,17135,87.0
659,17137,88.5
660,17139,87.7
661,17141,88.0
662,17143,89.6
663,17145,86.2
664,17147,88.5
665,17149,86.2
666,17151,84.3
667,17153,84.9
668,17155,87.9
669,17157,87.2
670,17159,87.2
671,17161,87.5
672,17163,87.9
673,17165,88.0
674,17167,89.5
675,17169,86.3
676,17171,85.9
677,17173,88.1
678,17175,85.6
679,17177,89.2
680,17179,89.7
681,17181,86.2
682,17183,87.0
683,17185,86.8
684,17187,88.3
685,17189,88.5
686,17191,85.6
687,17193,86.0
688,17195,87.6
689,17197,89.1
690,17199,87.2
691,17201,87.1
692,17203,90.7
693,18001,82.9
694,18003,85.5
695,18005,85.4
696,18007,82.5
697,18009,85.2
698,18011,88.7
699,18013,82.6
700,18015,84.1
701,18017,83.0
702,18019,84.3
703,18021,84.8
704,18023,81.6
705,18025,83.0
706,18027,78.5
707,18029,87.0
708,18031,85.3
709,18033,86.3
710,18035,85.3
711,18037,88.0
712,18039,79.5
713,18041,83.9
714,18043,86.1
715,18045,84.9
716,18047,84.7
717,18049,83.2
718,18051,87.3
719,18053,85.0
720,18055,82.6
721,18057,91.8
722,18059,88.9
723,18061,85.7
724,18063,88.8
725,18065,85.3
726,18067,86.7
727,18069,85.9
728,18071,83.4
729,18073,85.1
730,18075,83.3
731,18077,86.3
732,18079,83.5
733,18081,86.3
734,18083,84.3
735,18085,83.5
736,18087,74.6
737,18089,84.0
738,18091,84.5
739,18093,84.1
740,18095,83.0
741,18097,83.7
742,18099,81.7
743,18101,83.7
744,18103,85.5
745,18105,85.1
746,18107,85.3
747,18109,85.2
748,18111,82.4
749,18113,82.9
750,18115,84.9
751,18117,83.9
752,18119,83.3
753,18121,82.5
754,18123,84.8
755,18125,86.1
756,18127,86.7
757,18129,88.2
758,18131,82.9
759,18133,85.6
760,18135,83.2
761,18137,85.9
762,18139,83.8
763,18141,84.6
764,18143,83.6
765,18145,85.0
766,18147,86.0
767,18149,82.2
768,18151,84.6
769,18153,82.5
770,18155,82.4
771,18157,85.4
772,18159,86.1
773,18161,82.5
774,18163,86.3
775,18165,85.4
776,18167,84.3
777,18169,85.4
778,18171,84.5
779,18173,87.1
780,18175,82.3
781,18177,83.0
782,18179,86.6
783,18181,81.9
784,18183,87.5
785,19001,89.5
786,19003,88.3
787,19005,86.5
788,19007,88.9
789,19009,86.2
790,19011,90.8
791,19013,89.8
792,19015,90.4
793,19017,91.7
794,19019,88.4
795,19021,85.6
796,19023,90.3
797,19025,89.2
798,19027,91.0
799,19029,88.2
800,19031,90.0
801,19033,90.5
802,19035,89.3
803,19037,88.8
804,19039,88.5
805,19041,88.8
806,19043,88.8
807,19045,90.7
808,19047,86.3
809,19049,91.9
810,19051,85.2
811,19053,88.0
812,19055,89.8
813,19057,90.1
814,19059,90.1
815,19061,91.3
816,19063,86.9
817,19065,89.4
818,19067,89.0
819,19069,86.0
820,19071,89.3
821,19073,87.4
822,19075,90.5
823,19077,89.1
824,19079,90.2
825,19081,89.5
826,19083,88.7
827,19085,89.5
828,19087,93.3
829,19089,87.4
830,19091,89.1
831,19093,88.5
832,19095,91.7
833,19097,88.2
834,19099,90.3
835,19101,88.9
836,19103,91.4
837,19105,89.4
838,19107,88.3
839,19109,89.9
840,19111,89.7
841,19113,91.7
842,19115,86.6
843,19117,87.1
844,19119,88.6
845,19121,89.8
846,19123,89.5
847,19125,91.8
848,19127,88.1
849,19129,90.1
850,19131,88.7
851,19133,87.8
852,19135,88.2
853,19137,89.3
854,19139,89.7
855,19141,87.8
856,19143,85.8
857,19145,89.9
858,19147,88.0
859,19149,91.1
860,19151,87.8
861,19153,90.9
862,19155,89.3
863,19157,90.8
864,19159,86.6
865,19161,87.7
866,19163,89.7
867,19165,90.8
868,19167,89.4
869,19169,90.7
870,19171,88.6
871,19173,86.5
872,19175,90.0
873,19177,87.6
874,19179,89.7
875,19181,91.8
876,19183,88.1
877,19185,88.2
878,19187,90.1
879,19189,91.4
880,19191,90.6
881,19193,87.3
882,19195,89.0
883,19197,88.2
884,20001,87.1
885,20003,83.8
886,20005,87.3
887,20007,84.7
888,20009,83.0
889,20011,87.2
890,20013,84.6
891,20015,88.0
892,20017,83.6
893,20019,80.9
894,20021,86.1
895,20023,83.8
896,20025,83.5
897,20027,85.1
898,20029,86.3
899,20031,87.4
900,20033,81.9
901,20035,87.4
902,20037,86.5
903,20039,82.4
904,20041,86.9
905,20043,84.9
906,20045,86.7
907,20047,82.5
908,20049,80.4
909,20051,87.0
910,20053,85.1
911,20055,80.2
912,20057,79.5
913,20059,88.1
914,20061,85.3
915,20063,83.9
916,20065,83.1
917,20067,78.9
918,20069,76.6
919,20071,80.4
920,20073,83.8
921,20075,75.6
922,20077,83.9
923,20079,87.5
924,20081,77.7
925,20083,84.0
926,20085,87.5
927,20087,87.8
928,20089,81.8
929,20091,91.8
930,20093,78.0
931,20095,86.2
932,20097,82.8
933,20099,87.0
934,20101,81.5
935,20103,88.5
936,20105,80.9
937,20107,84.9
938,20109,84.7
939,20111,83.6
940,20113,88.2
941,20115,86.7
942,20117,85.1
943,20119,79.2
944,20121,89.1
945,20123,85.2
946,20125,87.0
947,20127,82.9
948,20129,82.2
949,20131,86.9
950,20133,86.6
951,20135,83.2
952,20137,84.3
953,20139,88.2
954,20141,83.2
955,20143,85.8
956,20145,84.1
957,20147,85.6
958,20149,89.0
959,20151,84.5
960,20153,83.3
961,20155,86.6
962,20157,84.8
963,20159,83.8
964,20161,88.2
965,20163,83.9
966,20165,84.5
967,20167,83.7
968,20169,86.9
969,20171,82.4
970,20173,87.3
971,20175,77.4
972,20177,88.3
973,20179,85.7
974,20181,83.6
975,20183,84.4
976,20185,79.4
977,20187,73.5
978,20189,78.8
979,20191,87.4
980,20193,87.0
981,20195,86.2
982,20197,86.6
983,20199,80.5
984,20201,82.9
985,20203,76.5
986,20205,85.8
987,20207,82.3
988,20209,81.4
989,21001,79.2
990,21003,83.1
991,21005,85.1
992,21007,84.2
993,21009,83.6
994,21011,83.2
995,21013,82.9
996,21015,89.6
997,21017,83.6
998,21019,84.8
999,21021,84.3
1000,21023,81.9
1001,21025,83.8
1002,21027,81.8
1003,21029,86.3
1004,21031,81.4
1005,21033,83.9
1006,21035,83.2
1007,21037,87.4
1008,21039,79.5
1009,21041,84.1
1010,21043,81.8
1011,21045,79.4
1012,21047,85.0
1013,21049,84.7
1014,21051,82.0
1015,21053,81.6
1016,21055,79.8
1017,21057,78.6
1018,21059,85.9
1019,21061,80.7
1020,21063,79.9
1021,21065,81.4
1022,21067,86.3
1023,21069,81.4
1024,21071,83.5
1025,21073,85.7
1026,21075,82.0
1027,21077,82.3
1028,21079,80.0
1029,21081,83.1
1030,21083,81.4
1031,21085,82.3
1032,21087,80.9
1033,21089,84.5
1034,21091,86.2
1035,21093,86.5
1036,21095,82.6
1037,21097,84.0
1038,21099,82.1
1039,21101,86.3
1040,21103,83.4
1041,21105,79.4
1042,21107,82.9
1043,21109,81.4
1044,21111,87.6
1045,21113,84.2
1046,21115,81.9
1047,21117,88.5
1048,21119,83.5
1049,21121,82.3
1050,21123,82.0
1051,21125,82.1
1052,21127,81.3
1053,21129,82.3
1054,21131,83.0
1055,21133,83.1
1056,21135,81.9
1057,21137,81.6
1058,21139,83.8
1059,21141,83.0
1060,21143,80.6
1061,21145,85.7
1062,21147,80.5
1063,21149,81.4
1064,21151,84.8
1065,21153,82.7
1066,21155,83.9
1067,21157,85.1
1068,21159,83.7
1069,21161,83.7
1070,21163,83.1
1071,21165,78.4
1072,21167,84.0
1073,21169,81.6
1074,21171,80.7
1075,21173,83.1
1076,21175,81.5
1077,21177,82.3
1078,21179,85.4
1079,21181,80.7
1080,21183,82.9
1081,21185,90.0
1082,21187,83.0
1083,21189,82.5
1084,21191,83.3
1085,21193,82.7
1086,21195,84.1
1087,21197,81.2
1088,21199,81.7
1089,21201,79.1
1090,21203,80.8
1091,21205,83.6
1092,21207,82.0
1093,21209,88.3
1094,21211,83.9
1095,21213,85.0
1096,21215,84.5
1097,21217,83.4
1098,21219,80.0
1099,21221,84.1
1100,21223,82.3
1101,21225,83.2
1102,21227,83.8
1103,21229,82.7
1104,21231,80.6
1105,21233,81.5
1106,21235,83.3
1107,21237,83.1
1108,21239,86.9
1109,22001,79.6
1110,22003,79.4
1111,22005,84.5
1112,22007,79.4
1113,22009,78.3
1114,22011,79.6
1115,22013,81.2
1116,22015,82.3
1117,22017,81.2
1118,22019,80.9
1119,22021,75.2
1120,22023,76.3
1121,22025,75.9
1122,22027,78.2
1123,22029,78.7
1124,22031,79.5
1125,22033,83.8
1126,22035,77.3
1127,22037,80.4
1128,22039,80.2
1129,22041,76.3
1130,22043,79.3
1131,22045,79.6
1132,22047,82.1
1133,22049,79.3
1134,22051,80.8
1135,22053,81.0
1136,22055,82.2
1137,22057,81.0
1138,22059,78.4
1139,22061,80.0
1140,22063,80.7
1141,22065,76.3
1142,22067,78.9
1143,22069,79.3
1144,22071,73.6
1145,22073,81.2
1146,22075,80.0
1147,22077,79.7
1148,22079,81.4
1149,22081,77.7
1150,22083,77.5
1151,22085,75.7
1152,22087,69.6
1153,22089,85.5
1154,22091,77.4
1155,22093,83.0
1156,22095,82.6
1157,22097,79.6
1158,22099,78.6
1159,22101,79.2
1160,22103,83.7
1161,22105,79.7
1162,22107,75.2
1163,22109,80.3
1164,22111,79.9
1165,22113,78.3
1166,22115,82.3
1167,22117,78.3
1168,22119,80.2
1169,22121,81.6
1170,22123,76.8
1171,22125,78.5
1172,22127,78.4
1173,23001,87.8
1174,23003,85.9
1175,23005,89.9
1176,23007,88.1
1177,23009,84.6
1178,23011,88.9
1179,23013,85.2
1180,23015,85.5
1181,23017,87.1
1182,23019,88.0
1183,23021,85.7
1184,23023,88.9
1185,23025,87.2
1186,23027,86.4
1187,23029,83.5
1188,23031,88.2
1189,24001,86.3
1190,24003,90.7
1191,24005,89.0
1192,24009,89.9
1193,24011,83.9
1194,24013,90.7
1195,24015,87.7
1196,24017,89.9
1197,24019,85.5
1198,24021,89.8
1199,24023,83.3
1200,24025,90.0
1201,24027,92.7
1202,24029,84.8
1203,24031,87.7
1204,24033,83.6
1205,24035,87.4
1206,24037,90.1
1207,24039,83.3
1208,24041,86.8
1209,24043,86.0
1210,24045,84.9
1211,24047,83.6
1212,24510,84.8
1213,25001,95.0
1214,25003,95.2
1215,25005,94.6
1216,25007,93.0
1217,25009,95.5
1218,25011,95.1
1219,25013,95.1
1220,25015,95.8
1221,25017,96.3
1222,25019,92.5
1223,25021,96.6
1224,25023,95.6
1225,25025,94.2
1226,25027,96.0
1227,26001,84.0
1228,26003,83.7
1229,26005,86.9
1230,26007,88.1
1231,26009,85.0
1232,26011,86.2
1233,26013,82.7
1234,26015,88.5
1235,26017,88.1
1236,26019,84.5
1237,26021,85.9
1238,26023,85.6
1239,26025,87.4
1240,26027,86.7
1241,26029,86.9
1242,26031,84.1
1243,26033,84.4
1244,26035,85.1
1245,26037,90.1
1246,26039,85.9
1247,26041,88.0
1248,26043,89.2
1249,26045,90.6
1250,26047,86.3
1251,26049,89.3
1252,26051,84.7
1253,26053,86.3
1254,26055,88.2
1255,26057,88.2
1256,26059,85.6
1257,26061,86.2
1258,26063,85.9
1259,26065,88.2
1260,26067,87.5
1261,26069,85.6
1262,26071,86.8
1263,26073,85.7
1264,26075,88.5
1265,26077,89.0
1266,26079,85.5
1267,26081,87.9
1268,26083,80.8
1269,26085,84.8
1270,26087,87.8
1271,26089,86.2
1272,26091,87.4
1273,26093,90.3
1274,26095,81.3
1275,26097,83.1
1276,26099,87.8
1277,26101,86.1
1278,26103,88.4
1279,26105,86.4
1280,26107,86.0
1281,26109,87.3
1282,26111,90.0
1283,26113,83.0
1284,26115,89.8
1285,26117,85.6
1286,26119,84.3
1287,26121,87.8
1288,26123,85.5
1289,26125,89.9
1290,26127,83.8
1291,26129,85.6
1292,26131,84.2
1293,26133,86.9
1294,26135,83.4
1295,26137,87.3
1296,26139,90.0
1297,26141,83.9
1298,26143,85.8
1299,26145,88.4
1300,26147,88.6
1301,26149,85.0
1302,26151,86.1
1303,26153,83.1
1304,26155,87.5
1305,26157,86.9
1306,26159,85.5
1307,26161,90.7
1308,26163,84.8
1309,26165,87.5
1310,27001,86.6
1311,27003,90.9
1312,27005,88.0
1313,27007,85.0
1314,27009,89.8
1315,27011,87.5
1316,27013,90.8
1317,27015,91.1
1318,27017,90.0
1319,27019,93.6
1320,27021,86.4
1321,27023,88.9
1322,27025,90.8
1323,27027,90.2
1324,27029,85.6
1325,27031,84.8
1326,27033,89.0
1327,27035,88.7
1328,27037,93.0
1329,27039,90.1
1330,27041,89.8
1331,27043,88.7
1332,27045,87.7
1333,27047,89.0
1334,27049,90.8
1335,27051,87.0
1336,27053,90.2
1337,27055,90.1
1338,27057,87.9
1339,27059,89.6
1340,27061,89.0
1341,27063,90.9
1342,27065,88.5
1343,27067,90.2
1344,27069,87.7
1345,27071,88.6
1346,27073,88.3
1347,27075,89.9
1348,27077,85.5
1349,27079,89.2
1350,27081,87.6
1351,27083,90.2
1352,27085,90.8
1353,27087,85.8
1354,27089,86.5
1355,27091,90.7
1356,27093,90.1
1357,27095,87.5
1358,27097,88.8
1359,27099,89.1
1360,27101,87.7
1361,27103,92.4
1362,27105,87.0
1363,27107,86.6
1364,27109,92.9
1365,27111,88.8
1366,27113,89.5
1367,27115,87.5
1368,27117,88.1
1369,27119,89.2
1370,27121,89.6
1371,27123,90.0
1372,27125,85.6
1373,27127,88.4
1374,27129,88.3
1375,27131,89.1
1376,27133,88.7
1377,27135,90.8
1378,27137,90.2
1379,27139,92.6
1380,27141,90.6
1381,27143,88.0
1382,27145,90.8
1383,27147,90.9
1384,27149,90.3
1385,27151,87.8
1386,27153,87.9
1387,27155,86.1
1388,27157,89.9
1389,27159,89.1
1390,27161,90.9
1391,27163,93.8
1392,27165,84.7
1393,27167,89.3
1394,27169,89.5
1395,27171,90.9
1396,27173,90.0
1397,28001,79.7
1398,28003,80.8
1399,28005,79.5
1400,28007,79.7
1401,28009,78.4
1402,28011,80.1
1403,28013,78.5
1404,28015,76.6
1405,28017,78.3
1406,28019,77.7
1407,28021,80.0
1408,28023,79.7
1409,28025,80.5
1410,28027,79.5
1411,28029,80.9
1412,28031,78.9
1413,28033,83.0
1414,28035,80.0
1415,28037,76.4
1416,28039,78.9
1417,28041,75.7
1418,28043,79.7
1419,28045,81.7
1420,28047,80.0
1421,28049,82.6
1422,28051,79.6
1423,28053,78.1
1424,28055,71.2
1425,28057,79.1
1426,28059,81.2
1427,28061,81.0
1428,28063,74.8
1429,28065,78.4
1430,28067,78.8
1431,28069,76.2
1432,28071,81.5
1433,28073,81.5
1434,28075,82.0
1435,28077,79.6
1436,28079,79.1
1437,28081,81.4
1438,28083,79.9
1439,28085,79.5
1440,28087,81.0
1441,28089,86.4
1442,28091,78.4
1443,28093,78.5
1444,28095,80.0
1445,28097,78.5
1446,28099,79.2
1447,28101,79.6
1448,28103,79.2
1449,28105,80.1
1450,28107,78.5
1451,28109,78.4
1452,28111,81.0
1453,28113,79.9
1454,28115,80.9
1455,28117,81.0
1456,28119,76.9
1457,28121,84.2
1458,28123,76.6
1459,28125,74.5
1460,28127,78.6
1461,28129,80.1
1462,28131,79.3
1463,28133,77.7
1464,28135,78.0
1465,28137,79.4
1466,28139,78.8
1467,28141,79.7
1468,28143,84.9
1469,28145,79.8
1470,28147,77.5
1471,28149,82.9
1472,28151,79.3
1473,28153,78.4
1474,28155,79.5
1475,28157,75.2
1476,28159,80.1
1477,28161,79.9
1478,28163,77.1
1479,29001,84.3
1480,29003,84.7
1481,29005,81.4
1482,29007,84.3
1483,29009,83.5
1484,29011,83.6
1485,29013,81.9
1486,29015,81.2
1487,29017,79.5
1488,29019,87.2
1489,29021,86.0
1490,29023,83.6
1491,29025,82.4
1492,29027,85.5
1493,29029,82.9
1494,29031,85.4
1495,29033,82.7
1496,29035,76.9
1497,29037,87.1
1498,29039,81.9
1499,29041,82.8
1500,29043,84.2
1501,29045,79.7
1502,29047,88.0
1503,29049,84.7
1504,29051,87.4
1505,29053,83.7
1506,29055,80.8
1507,29057,81.4
1508,29059,82.3
1509,29061,79.7
1510,29063,80.7
1511,29065,82.1
1512,29067,82.3
1513,29069,82.4
1514,29071,86.2
1515,29073,83.5
1516,29075,80.9
1517,29077,84.8
1518,29079,82.2
1519,29081,82.1
1520,29083,83.4
1521,29085,77.7
1522,29087,81.8
1523,29089,82.9
1524,29091,82.5
1525,29093,80.1
1526,29095,84.6
1527,29097,80.8
1528,29099,87.6
1529,29101,85.2
1530,29103,79.5
1531,29105,82.9
1532,29107,84.9
1533,29109,81.3
1534,29111,83.3
1535,29113,84.1
1536,29115,86.0
1537,29117,83.9
1538,29119,79.1
1539,29121,83.3
1540,29123,80.9
1541,29125,81.3
1542,29127,85.6
1543,29129,80.7
1544,29131,80.6
1545,29133,81.5
1546,29135,82.7
1547,29137,83.5
1548,29139,82.1
1549,29141,78.6
1550,29143,84.1
1551,29145,82.8
1552,29147,86.1
1553,29149,81.9
1554,29151,85.1
1555,29153,79.3
1556,29155,85.2
1557,29157,85.0
1558,29159,83.0
1559,29161,82.3
1560,29163,82.2
1561,29165,90.0
1562,29167,82.5
1563,29169,85.1
1564,29171,81.3
1565,29173,85.6
1566,29175,85.8
1567,29177,85.0
1568,29179,79.3
1569,29181,81.6
1570,29183,90.2
1571,29185,80.7
1572,29186,85.0
1573,29187,84.2
1574,29189,90.2
1575,29195,83.1
1576,29197,78.0
1577,29199,78.6
1578,29201,83.9
1579,29203,79.4
1580,29205,81.7
1581,29207,81.4
1582,29209,80.6
1583,29211,80.2
1584,29213,81.4
1585,29215,82.0
1586,29217,82.1
1587,29219,84.5
1588,29221,81.7
1589,29223,82.1
1590,29225,81.1
1591,29227,76.8
1592,29229,81.2
1593,29510,83.0
1594,30001,77.2
1595,30003,72.6
1596,30005,71.1
1597,30007,77.6
1598,30009,79.0
1599,30011,71.1
1600,30013,80.4
1601,30015,74.0
1602,30017,81.4
1603,30019,76.8
1604,30021,79.5
1605,30023,79.0
1606,30025,76.2
1607,30027,78.7
1608,30029,78.7
1609,30031,81.6
1610,30033,71.9
1611,30035,71.6
1612,30037,69.5
1613,30039,72.3
1614,30041,76.8
1615,30043,83.6
1616,30045,72.6
1617,30047,74.1
1618,30049,83.3
1619,30051,73.6
1620,30053,76.4
1621,30055,76.8
1622,30057,75.9
1623,30059,68.2
1624,30061,75.6
1625,30063,81.4
1626,30065,75.6
1627,30067,78.1
1628,30069,68.0
1629,30071,70.4
1630,30073,71.7
1631,30075,70.5
1632,30077,75.6
1633,30079,74.2
1634,30081,77.6
1635,30083,79.7
1636,30085,74.5
1637,30087,78.1
1638,30089,72.1
1639,30091,76.1
1640,30093,81.5
1641,30095,83.9
1642,30097,80.1
1643,30099,74.1
1644,30101,74.3
1645,30103,69.7
1646,30105,75.0
1647,30107,65.1
1648,30109,70.1
1649,30111,83.1
1650,31001,86.3
1651,31003,85.3
1652,31005,80.0
1653,31007,81.5
1654,31009,87.7
1655,31011,86.6
1656,31013,87.2
1657,31015,81.4
1658,31017,83.7
1659,31019,87.6
1660,31021,84.8
1661,31023,86.9
1662,31025,89.8
1663,31027,84.8
1664,31029,84.7
1665,31031,84.3
1666,31033,87.6
1667,31035,85.1
1668,31037,80.2
1669,31039,82.2
1670,31041,87.7
1671,31043,83.1
1672,31045,83.0
1673,31047,81.7
1674,31049,83.3
1675,31051,85.9
1676,31053,87.1
1677,31055,88.7
1678,31057,80.9
1679,31059,86.3
1680,31061,85.0
1681,31063,83.1
1682,31065,84.1
1683,31067,87.9
1684,31069,90.5
1685,31071,78.5
1686,31073,82.5
1687,31075,80.1
1688,31077,82.9
1689,31079,84.2
1690,31081,88.1
1691,31083,83.1
1692,31085,82.3
1693,31087,83.6
1694,31089,85.4
1695,31091,80.7
1696,31093,86.8
1697,31095,86.1
1698,31097,81.8
1699,31099,87.0
1700,31101,85.7
1701,31103,82.8
1702,31105,86.4
1703,31107,83.2
1704,31109,89.5
1705,31111,88.3
1706,31113,80.4
1707,31115,84.8
1708,31117,83.5
1709,31119,86.3
1710,31121,85.6
1711,31123,83.7
1712,31125,83.6
1713,31127,87.2
1714,31129,86.0
1715,31131,88.3
1716,31133,84.8
1717,31135,84.3
1718,31137,87.3
1719,31139,84.4
1720,31141,87.7
1721,31143,85.7
1722,31145,86.9
1723,31147,84.1
1724,31149,79.1
1725,31151,87.2
1726,31153,90.6
1727,31155,88.2
1728,31157,84.6
1729,31159,89.5
1730,31161,81.2
1731,31163,84.4
1732,31165,81.2
1733,31167,86.4
1734,31169,86.5
1735,31171,83.9
1736,31173,80.2
1737,31175,85.8
1738,31177,90.7
1739,31179,86.4
1740,31181,83.6
1741,31183,85.0
1742,31185,88.2
1743,32001,75.3
1744,32003,76.6
1745,32005,81.4
1746,32007,77.1
1747,32009,66.5
1748,32011,75.7
1749,32013,75.6
1750,32015,77.8
1751,32017,68.9
1752,32019,76.0
1753,32021,75.2
1754,32023,75.0
1755,32027,72.0
1756,32029,78.0
1757,32031,77.5
1758,32033,75.8
1759,32510,74.9
1760,33001,86.2
1761,33003,84.1
1762,33005,86.5
1763,33007,84.4
1764,33009,86.9
1765,33011,88.3
1766,33013,88.3
1767,33015,89.5
1768,33017,87.6
1769,33019,85.3
1770,34001,85.0
1771,34003,87.3
1772,34005,89.7
1773,34007,86.5
1774,34009,85.9
1775,34011,83.2
1776,34013,82.9
1777,34015,89.5
1778,34017,79.6
1779,34019,92.5
1780,34021,87.6
1781,34023,87.1
1782,34025,88.9
1783,34027,91.8
1784,34029,87.0
1785,34031,80.3
1786,34033,87.1
1787,34035,91.7
1788,34037,89.3
1789,34039,82.1
1790,34041,88.4
1791,35001,79.8
1792,35003,70.2
1793,35005,73.7
1794,35006,75.4
1795,35007,77.7
1796,35009,76.2
1797,35011,67.4
1798,35013,71.9
1799,35015,77.6
1800,35017,78.7
1801,35019,70.6
1802,35021,69.2
1803,35023,70.2
1804,35025,74.5
1805,35027,73.5
1806,35028,94.7
1807,35029,69.0
1808,35031,67.0
1809,35033,72.9
1810,35035,72.8
1811,35037,74.7
1812,35039,74.0
1813,35041,74.9
1814,35043,81.6
1815,35045,70.2
1816,35047,78.1
1817,35049,74.9
1818,35051,75.5
1819,35053,72.9
1820,35055,72.2
1821,35057,75.7
1822,35059,73.3
1823,35061,76.6
1824,36001,90.5
1825,36003,88.3
1826,36005,82.4
1827,36007,88.1
1828,36009,87.9
1829,36011,86.0
1830,36013,88.0
1831,36015,88.9
1832,36017,87.2
1833,36019,87.2
1834,36021,86.8
1835,36023,88.1
1836,36025,87.4
1837,36027,88.5
1838,36029,90.9
1839,36031,85.6
1840,36033,84.2
1841,36035,88.1
1842,36037,88.9
1843,36039,84.7
1844,36041,81.4
1845,36043,87.5
1846,36045,87.1
1847,36047,85.1
1848,36049,87.3
1849,36051,88.5
1850,36053,87.6
1851,36055,91.5
1852,36057,87.7
1853,36059,89.9
1854,36061,88.5
1855,36063,88.5
1856,36065,88.0
1857,36067,89.1
1858,36069,90.6
1859,36071,87.0
1860,36073,86.3
1861,36075,89.1
1862,36077,88.9
1863,36079,90.1
1864,36081,80.6
1865,36083,89.3
1866,36085,89.3
1867,36087,88.6
1868,36089,87.3
1869,36091,90.4
1870,36093,88.7
1871,36095,88.1
1872,36097,86.3
1873,36099,86.5
1874,36101,88.3
1875,36103,88.6
1876,36105,83.9
1877,36107,89.9
1878,36109,89.4
1879,36111,86.4
1880,36113,87.6
1881,36115,85.8
1882,36117,89.1
1883,36119,88.2
1884,36121,87.2
1885,36123,85.4
1886,37001,81.2
1887,37003,81.6
1888,37005,77.0
1889,37007,81.9
1890,37009,78.8
1891,37011,76.5
1892,37013,81.8
1893,37015,81.9
1894,37017,81.9
1895,37019,77.0
1896,37021,82.4
1897,37023,80.8
1898,37025,83.3
1899,37027,80.7
1900,37029,81.4
1901,37031,80.7
1902,37033,81.9
1903,37035,81.6
1904,37037,80.7
1905,37039,79.4
1906,37041,82.4
1907,37043,78.5
1908,37045,82.4
1909,37047,81.0
1910,37049,84.8
1911,37051,85.7
1912,37053,82.2
1913,37055,81.9
1914,37057,81.6
1915,37059,83.2
1916,37061,76.1
1917,37063,84.4
1918,37065,83.2
1919,37067,83.9
1920,37069,80.4
1921,37071,82.3
1922,37073,80.1
1923,37075,77.2
1924,37077,82.4
1925,37079,76.2
1926,37081,84.1
1927,37083,82.4
1928,37085,79.3
1929,37087,80.7
1930,37089,80.2
1931,37091,83.5
1932,37093,78.1
1933,37095,77.9
1934,37097,82.9
1935,37099,80.0
1936,37101,80.2
1937,37103,78.2
1938,37105,79.5
1939,37107,81.3
1940,37109,79.5
1941,37111,81.8
1942,37113,77.8
1943,37115,80.9
1944,37117,82.1
1945,37119,83.9
1946,37121,79.9
1947,37123,77.2
1948,37125,82.1
1949,37127,83.3
1950,37129,84.0
1951,37131,83.7
1952,37133,85.2
1953,37135,86.0
1954,37137,80.0
1955,37139,82.3
1956,37141,78.4
1957,37143,80.4
1958,37145,83.4
1959,37147,82.6
1960,37149,80.2
1961,37151,79.6
1962,37153,81.2
1963,37155,76.2
1964,37157,81.9
1965,37159,81.6
1966,37161,82.3
1967,37163,76.8
1968,37165,82.9
1969,37167,81.7
1970,37169,82.9
1971,37171,80.1
1972,37173,77.9
1973,37175,81.7
1974,37177,70.5
1975,37179,83.5
1976,37181,81.8
1977,37183,86.4
1978,37185,79.1
1979,37187,83.4
1980,37189,80.4
1981,37191,82.5
1982,37193,80.9
1983,37195,81.2
1984,37197,80.9
1985,37199,77.6
1986,38001,86.3
1987,38003,88.9
1988,38005,82.9
1989,38007,80.7
1990,38009,84.5
1991,38011,86.0
1992,38013,85.3
1993,38015,90.6
1994,38017,90.5
1995,38019,85.9
1996,38021,87.3
1997,38023,83.9
1998,38025,83.5
1999,38027,83.6
2000,38029,85.4
2001,38031,86.7
2002,38033,82.1
2003,38035,88.6
2004,38037,82.2
2005,38039,84.4
2006,38041,83.9
2007,38043,84.1
2008,38045,83.5
2009,38047,78.4
2010,38049,86.0
2011,38051,84.9
2012,38053,83.5
2013,38055,87.2
2014,38057,89.7
2015,38059,87.4
2016,38061,80.2
2017,38063,84.7
2018,38065,88.5
2019,38067,85.6
2020,38069,85.4
2021,38071,87.1
2022,38073,86.2
2023,38075,86.2
2024,38077,88.9
2025,38079,83.1
2026,38081,89.5
2027,38083,82.4
2028,38085,84.4
2029,38087,86.1
2030,38089,88.5
2031,38091,84.7
2032,38093,89.2
2033,38095,84.0
2034,38097,87.8
2035,38099,87.3
2036,38101,89.5
2037,38103,85.2
2038,38105,86.3
2039,39001,83.7
2040,39003,86.1
2041,39005,85.4
2042,39007,85.6
2043,39009,84.7
2044,39011,88.7
2045,39013,85.1
2046,39015,84.6
2047,39017,88.2
2048,39019,85.2
2049,39021,87.7
2050,39023,86.7
2051,39025,86.7
2052,39027,88.5
2053,39029,85.1
2054,39031,85.5
2055,39033,84.8
2056,39035,86.7
2057,39037,85.6
2058,39039,87.9
2059,39041,92.5
2060,39043,87.7
2061,39045,87.8
2062,39047,85.6
2063,39049,86.5
2064,39051,88.3
2065,39053,85.8
2066,39055,87.8
2067,39057,89.6
2068,39059,85.2
2069,39061,87.0
2070,39063,88.7
2071,39065,85.9
2072,39067,85.7
2073,39069,86.3
2074,39071,85.0
2075,39073,85.2
2076,39075,74.3
2077,39077,85.7
2078,39079,86.1
2079,39081,86.5
2080,39083,86.8
2081,39085,88.4
2082,39087,84.4
2083,39089,87.7
2084,39091,87.8
2085,39093,86.6
2086,39095,86.8
2087,39097,87.2
2088,39099,86.8
2089,39101,86.8
2090,39103,90.4
2091,39105,83.1
2092,39107,88.0
2093,39109,87.3
2094,39111,85.3
2095,39113,86.8
2096,39115,84.5
2097,39117,84.0
2098,39119,85.8
2099,39121,83.4
2100,39123,86.7
2101,39125,85.8
2102,39127,85.7
2103,39129,86.5
2104,39131,84.9
2105,39133,87.5
2106,39135,86.8
2107,39137,87.8
2108,39139,85.9
2109,39141,86.1
2110,39143,87.4
2111,39145,86.0
2112,39147,86.9
2113,39149,89.0
2114,39151,86.6
2115,39153,87.4
2116,39155,86.2
2117,39157,84.3
2118,39159,89.9
2119,39161,87.0
2120,39163,84.0
2121,39165,90.0
2122,39167,86.6
2123,39169,83.7
2124,39171,86.6
2125,39173,89.9
2126,39175,86.3
2127,40001,74.6
2128,40003,73.0
2129,40005,73.1
2130,40007,72.7
2131,40009,76.9
2132,40011,72.8
2133,40013,75.2
2134,40015,73.5
2135,40017,82.8
2136,40019,78.4
2137,40021,72.1
2138,40023,77.1
2139,40025,67.1
2140,40027,82.3
2141,40029,71.1
2142,40031,80.1
2143,40033,76.5
2144,40035,78.1
2145,40037,78.0
2146,40039,76.0
2147,40041,74.6
2148,40043,73.1
2149,40045,75.9
2150,40047,80.0
2151,40049,76.9
2152,40051,77.6
2153,40053,73.7
2154,40055,76.0
2155,40057,68.2
2156,40059,74.8
2157,40061,75.1
2158,40063,76.0
2159,40065,79.6
2160,40067,70.6
2161,40069,76.3
2162,40071,77.5
2163,40073,76.5
2164,40075,76.7
2165,40077,74.7
2166,40079,73.8
2167,40081,77.5
2168,40083,79.6
2169,40085,76.6
2170,40087,76.4
2171,40089,75.9
2172,40091,72.9
2173,40093,76.8
2174,40095,73.8
2175,40097,75.4
2176,40099,76.0
2177,40101,76.9
2178,40103,81.0
2179,40105,75.5
2180,40107,74.5
2181,40109,78.4
2182,40111,76.5
2183,40113,76.7
2184,40115,76.2
2185,40117,75.6
2186,40119,79.5
2187,40121,77.3
2188,40123,77.1
2189,40125,77.5
2190,40127,74.6
2191,40129,72.7
2192,40131,82.1
2193,40133,77.8
2194,40135,75.5
2195,40137,78.6
2196,40139,72.1
2197,40141,73.8
2198,40143,80.5
2199,40145,80.8
2200,40147,80.3
2201,40149,75.5
2202,40151,77.8
2203,40153,78.5
2204,41001,79.3
2205,41003,85.3
2206,41005,85.3
2207,41007,79.0
2208,41009,84.4
2209,41011,80.7
2210,41013,78.6
2211,41015,77.3
2212,41017,80.8
2213,41019,81.6
2214,41021,82.7
2215,41023,78.6
2216,41025,77.5
2217,41027,75.2
2218,41029,79.6
2219,41031,74.4
2220,41033,79.9
2221,41035,78.9
2222,41037,76.9
2223,41039,81.4
2224,41041,79.3
2225,41043,80.8
2226,41045,75.4
2227,41047,77.9
2228,41049,76.0
2229,41051,83.2
2230,41053,83.0
2231,41055,75.1
2232,41057,78.3
2233,41059,78.9
2234,41061,80.1
2235,41063,78.7
2236,41065,77.4
2237,41067,85.4
2238,41069,71.5
2239,41071,80.9
2240,42001,88.4
2241,42003,90.9
2242,42005,87.8
2243,42007,90.3
2244,42009,87.2
2245,42011,89.6
2246,42013,89.7
2247,42015,88.4
2248,42017,92.4
2249,42019,91.3
2250,42021,88.9
2251,42023,87.5
2252,42025,88.4
2253,42027,89.4
2254,42029,92.1
2255,42031,87.3
2256,42033,87.4
2257,42035,88.5
2258,42037,88.7
2259,42039,86.8
2260,42041,90.7
2261,42043,89.8
2262,42045,90.9
2263,42047,90.1
2264,42049,89.0
2265,42051,87.9
2266,42053,86.6
2267,42055,87.2
2268,42057,87.1
2269,42059,89.1
2270,42061,87.2
2271,42063,88.0
2272,42065,87.9
2273,42067,86.4
2274,42069,89.8
2275,42071,86.8
2276,42073,87.9
2277,42075,88.4
2278,42077,88.4
2279,42079,89.6
2280,42081,89.3
2281,42083,89.7
2282,42085,89.3
2283,42087,87.1
2284,42089,87.8
2285,42091,92.7
2286,42093,92.1
2287,42095,90.2
2288,42097,87.9
2289,42099,87.1
2290,42101,86.2
2291,42103,87.6
2292,42105,88.7
2293,42107,89.3
2294,42109,87.6
2295,42111,86.7
2296,42113,84.4
2297,42115,87.3
2298,42117,87.3
2299,42119,86.3
2300,42121,89.1
2301,42123,90.0
2302,42125,89.3
2303,42127,86.8
2304,42129,90.1
2305,42131,89.0
2306,42133,89.7
2307,44001,91.2
2308,44003,91.6
2309,44005,91.4
2310,44007,85.8
2311,44009,92.1
2312,45001,81.2
2313,45003,81.9
2314,45005,77.9
2315,45007,80.5
2316,45009,79.4
2317,45011,80.2
2318,45013,80.7
2319,45015,79.8
2320,45017,80.9
2321,45019,81.5
2322,45021,79.7
2323,45023,81.8
2324,45025,79.7
2325,45027,78.3
2326,45029,79.7
2327,45031,80.5
2328,45033,79.8
2329,45035,81.5
2330,45037,79.6
2331,45039,81.1
2332,45041,81.2
2333,45043,77.3
2334,45045,81.4
2335,45047,81.4
2336,45049,78.6
2337,45051,76.4
2338,45053,71.9
2339,45055,81.3
2340,45057,79.3
2341,45059,81.0
2342,45061,78.0
2343,45063,83.6
2344,45065,79.4
2345,45067,79.7
2346,45069,80.3
2347,45071,78.2
2348,45073,80.0
2349,45075,80.3
2350,45077,80.1
2351,45079,83.8
2352,45081,76.3
2353,45083,79.2
2354,45085,81.7
2355,45087,82.2
2356,45089,78.8
2357,45091,82.0
2358,46003,83.6
2359,46005,87.0
2360,46007,77.8
2361,46009,85.0
2362,46011,89.5
2363,46013,89.4
2364,46015,81.3
2365,46017,81.6
2366,46019,82.7
2367,46021,84.2
2368,46023,81.9
2369,46025,82.3
2370,46027,87.3
2371,46029,88.6
2372,46031,80.0
2373,46033,83.4
2374,46035,87.4
2375,46037,83.3
2376,46039,86.6
2377,46041,78.5
2378,46043,81.7
2379,46045,85.2
2380,46047,84.9
2381,46049,81.6
2382,46051,87.0
2383,46053,79.5
2384,46055,84.5
2385,46057,85.3
2386,46059,84.5
2387,46061,82.4
2388,46063,82.7
2389,46065,88.0
2390,46067,85.3
2391,46069,86.0
2392,46071,81.9
2393,46073,87.0
2394,46075,79.0
2395,46077,86.3
2396,46079,88.1
2397,46081,86.6
2398,46083,91.2
2399,46085,77.9
2400,46087,86.1
2401,46089,79.6
2402,46091,80.5
2403,46093,87.5
2404,46095,81.1
2405,46097,85.6
2406,46099,89.8
2407,46101,85.8
2408,46103,86.8
2409,46105,83.6
2410,46107,85.5
2411,46109,81.7
2412,46111,84.7
2413,46113,85.4
2414,46115,85.5
2415,46117,83.5
2416,46119,82.2
2417,46121,85.4
2418,46123,81.4
2419,46125,87.6
2420,46127,91.9
2421,46129,83.1
2422,46135,89.4
2423,46137,79.4
2424,47001,87.2
2425,47003,80.0
2426,47005,82.7
2427,47007,81.9
2428,47009,86.3
2429,47011,84.3
2430,47013,83.8
2431,47015,82.7
2432,47017,84.2
2433,47019,82.7
2434,47021,85.7
2435,47023,83.7
2436,47025,84.7
2437,47027,81.1
2438,47029,82.4
2439,47031,84.0
2440,47033,80.1
2441,47035,83.0
2442,47037,84.8
2443,47039,82.4
2444,47041,82.3
2445,47043,85.0
2446,47045,85.1
2447,47047,85.1
2448,47049,83.3
2449,47051,85.4
2450,47053,85.6
2451,47055,85.1
2452,47057,82.9
2453,47059,84.4
2454,47061,81.1
2455,47063,81.8
2456,47065,85.4
2457,47067,84.0
2458,47069,84.3
2459,47071,83.8
2460,47073,84.5
2461,47075,84.3
2462,47077,84.9
2463,47079,83.9
2464,47081,81.2
2465,47083,82.1
2466,47085,84.4
2467,47087,83.2
2468,47089,83.6
2469,47091,82.9
2470,47093,87.9
2471,47095,80.3
2472,47097,85.0
2473,47099,82.8
2474,47101,82.3
2475,47103,84.8
2476,47105,85.5
2477,47107,84.6
2478,47109,83.2
2479,47111,80.4
2480,47113,86.4
2481,47115,83.1
2482,47117,85.4
2483,47119,85.5
2484,47121,84.8
2485,47123,83.0
2486,47125,87.0
2487,47127,84.2
2488,47129,83.1
2489,47131,85.3
2490,47133,83.0
2491,47135,83.3
2492,47137,79.4
2493,47139,82.1
2494,47141,83.3
2495,47143,84.6
2496,47145,85.4
2497,47147,84.0
2498,47149,87.0
2499,47151,84.0
2500,47153,83.0
2501,47155,80.1
2502,47157,85.2
2503,47159,84.5
2504,47161,83.6
2505,47163,86.2
2506,47165,86.4
2507,47167,85.1
2508,47169,80.8
2509,47171,85.0
2510,47173,81.1
2511,47175,82.3
2512,47177,81.6
2513,47179,85.8
2514,47181,81.7
2515,47183,85.1
2516,47185,83.1
2517,47187,91.7
2518,47189,87.6
2519,48001,75.9
2520,48003,72.3
2521,48005,74.8
2522,48007,68.4
2523,48009,76.1
2524,48011,73.0
2525,48013,72.1
2526,48015,75.4
2527,48017,63.7
2528,48019,73.2
2529,48021,75.4
2530,48023,73.7
2531,48025,73.7
2532,48027,82.2
2533,48029,76.4
2534,48031,72.6
2535,48033,76.3
2536,48035,74.7
2537,48037,78.9
2538,48039,77.7
2539,48041,79.3
2540,48043,69.0
2541,48045,61.6
2542,48047,73.2
2543,48049,76.4
2544,48051,74.5
2545,48053,71.7
2546,48055,72.9
2547,48057,74.4
2548,48059,74.7
2549,48061,64.1
2550,48063,73.8
2551,48065,85.0
2552,48067,77.3
2553,48069,65.5
2554,48071,79.1
2555,48073,71.5
2556,48075,67.8
2557,48077,76.3
2558,48079,66.3
2559,48081,70.4
2560,48083,70.8
2561,48085,83.3
2562,48087,64.3
2563,48089,72.6
2564,48091,79.8
2565,48093,70.0
2566,48095,66.5
2567,48097,74.3
2568,48099,79.0
2569,48101,63.8
2570,48103,69.8
2571,48105,64.3
2572,48107,68.1
2573,48109,57.7
2574,48111,62.3
2575,48113,68.8
2576,48115,70.5
2577,48117,67.4
2578,48119,75.1
2579,48121,82.8
2580,48123,74.5
2581,48125,69.3
2582,48127,70.4
2583,48129,65.6
2584,48131,75.8
2585,48133,73.8
2586,48135,70.5
2587,48137,60.5
2588,48139,76.8
2589,48141,67.1
2590,48143,73.1
2591,48145,73.1
2592,48147,74.1
2593,48149,74.3
2594,48151,72.2
2595,48153,67.3
2596,48155,62.8
2597,48157,80.1
2598,48159,80.0
2599,48161,76.5
2600,48163,71.3
2601,48165,64.1
2602,48167,78.8
2603,48169,68.2
2604,48171,72.0
2605,48173,67.2
2606,48175,73.8
2607,48177,69.2
2608,48179,73.9
2609,48181,76.2
2610,48183,75.9
2611,48185,72.5
2612,48187,77.5
2613,48189,72.5
2614,48191,60.5
2615,48193,70.8
2616,48195,64.6
2617,48197,70.5
2618,48199,80.2
2619,48201,71.8
2620,48203,77.4
2621,48205,74.4
2622,48207,67.7
2623,48209,77.2
2624,48211,72.7
2625,48213,73.9
2626,48215,61.1
2627,48217,70.0
2628,48219,72.6
2629,48221,77.5
2630,48223,73.2
2631,48225,72.3
2632,48227,76.1
2633,48229,55.5
2634,48231,76.7
2635,48233,76.2
2636,48235,73.6
2637,48237,73.9
2638,48239,75.1
2639,48241,76.5
2640,48243,61.5
2641,48245,77.2
2642,48247,71.8
2643,48249,74.9
2644,48251,74.8
2645,48253,72.8
2646,48255,71.1
2647,48257,74.2
2648,48259,80.2
2649,48261,54.6
2650,48263,68.6
2651,48265,73.6
2652,48267,64.0
2653,48269,74.0
2654,48271,68.4
2655,48273,73.4
2656,48275,69.5
2657,48277,77.5
2658,48279,71.5
2659,48281,73.4
2660,48283,69.1
2661,48285,77.1
2662,48287,73.4
2663,48289,75.5
2664,48291,72.5
2665,48293,73.9
2666,48295,69.9
2667,48297,72.4
2668,48299,77.1
2669,48301,73.8
2670,48303,78.7
2671,48305,68.0
2672,48307,69.9
2673,48309,76.1
2674,48311,70.8
2675,48313,72.0
2676,48315,75.5
2677,48317,69.7
2678,48319,66.0
2679,48321,72.8
2680,48323,64.4
2681,48325,73.2
2682,48327,61.8
2683,48329,76.2
2684,48331,76.0
2685,48333,70.6
2686,48335,70.3
2687,48337,73.5
2688,48339,79.1
2689,48341,69.0
2690,48343,77.6
2691,48345,66.6
2692,48347,74.9
2693,48349,71.7
2694,48351,75.2
2695,48353,75.2
2696,48355,75.2
2697,48357,66.4
2698,48359,73.2
2699,48361,79.7
2700,48363,71.8
2701,48365,76.6
2702,48367,78.6
2703,48369,66.8
2704,48371,67.2
2705,48373,72.9
2706,48375,73.2
2707,48377,56.9
2708,48379,70.7
2709,48381,81.1
2710,48383,64.5
2711,48385,65.4
2712,48387,74.8
2713,48389,67.1
2714,48391,72.0
2715,48393,80.5
2716,48395,75.7
2717,48397,81.4
2718,48399,72.4
2719,48401,75.6
2720,48403,74.8
2721,48405,75.0
2722,48407,71.3
2723,48409,77.2
2724,48411,66.0
2725,48413,63.7
2726,48415,75.0
2727,48417,71.2
2728,48419,72.8
2729,48421,62.1
2730,48423,76.3
2731,48425,75.3
2732,48427,65.0
2733,48429,68.1
2734,48431,69.4
2735,48433,68.9
2736,48435,67.5
2737,48437,68.7
2738,48439,77.4
2739,48441,78.1
2740,48443,62.3
2741,48445,70.0
2742,48447,66.1
2743,48449,69.9
2744,48451,76.6
2745,48453,78.0
2746,48455,74.0
2747,48457,74.4
2748,48459,73.9
2749,48461,68.8
2750,48463,68.5
2751,48465,68.4
2752,48467,73.6
2753,48469,76.8
2754,48471,73.3
2755,48473,71.8
2756,48475,75.1
2757,48477,77.6
2758,48479,63.6
2759,48481,72.9
2760,48483,69.4
2761,48485,78.6
2762,48487,75.3
2763,48489,67.4
2764,48491,82.9
2765,48493,77.9
2766,48495,68.6
2767,48497,74.6
2768,48499,72.1
2769,48501,67.3
2770,48503,72.7
2771,48505,64.6
2772,48507,70.9
2773,49001,78.4
2774,49003,85.9
2775,49005,84.1
2776,49007,86.1
2777,49009,75.5
2778,49011,88.2
2779,49013,79.4
2780,49015,83.8
2781,49017,80.4
2782,49019,74.7
2783,49021,80.5
2784,49023,80.7
2785,49025,80.3
2786,49027,82.8
2787,49029,84.6
2788,49031,77.8
2789,49033,77.6
2790,49035,83.4
2791,49037,73.9
2792,49039,80.6
2793,49041,82.7
2794,49043,86.4
2795,49045,84.5
2796,49047,79.0
2797,49049,84.0
2798,49051,81.5
2799,49053,79.3
2800,49055,80.7
2801,49057,83.4
2802,50001,89.3
2803,50003,89.4
2804,50005,87.8
2805,50007,91.7
2806,50009,85.3
2807,50011,90.2
2808,50013,85.7
2809,50015,88.1
2810,50017,88.0
2811,50019,87.5
2812,50021,89.2
2813,50023,90.8
2814,50025,88.8
2815,50027,89.4
2816,51001,79.2
2817,51003,87.9
2818,51005,86.4
2819,51007,80.9
2820,51009,83.7
2821,51011,83.4
2822,51013,89.9
2823,51015,86.7
2824,51017,81.2
2825,51019,86.4
2826,51021,84.6
2827,51023,88.0
2828,51025,82.2
2829,51027,84.6
2830,51029,80.0
2831,51031,84.3
2832,51033,82.8
2833,51035,82.3
2834,51036,78.8
2835,51037,80.8
2836,51041,89.2
2837,51043,86.7
2838,51045,80.6
2839,51047,83.6
2840,51049,79.5
2841,51051,84.6
2842,51053,84.7
2843,51057,83.1
2844,51059,88.9
2845,51061,86.8
2846,51063,81.2
2847,51065,84.6
2848,51067,84.0
2849,51069,86.0
2850,51071,85.5
2851,51073,84.7
2852,51075,90.3
2853,51077,83.6
2854,51079,83.7
2855,51081,84.2
2856,51083,83.8
2857,51085,90.3
2858,51087,88.3
2859,51089,82.2
2860,51091,73.7
2861,51093,86.7
2862,51095,89.3
2863,51097,80.5
2864,51099,88.3
2865,51101,86.0
2866,51103,81.7
2867,51105,84.2
2868,51107,91.3
2869,51109,84.7
2870,51111,82.2
2871,51113,82.6
2872,51115,83.0
2873,51117,81.9
2874,51119,80.7
2875,51121,85.3
2876,51125,82.6
2877,51127,86.9
2878,51131,82.0
2879,51133,81.1
2880,51135,81.3
2881,51137,83.6
2882,51139,81.3
2883,51141,82.4
2884,51143,84.0
2885,51145,85.1
2886,51147,84.2
2887,51149,86.9
2888,51153,86.3
2889,51155,87.0
2890,51157,81.3
2891,51159,78.8
2892,51161,89.5
2893,51163,83.4
2894,51165,83.9
2895,51167,83.9
2896,51169,84.2
2897,51171,83.5
2898,51173,85.6
2899,51175,83.7
2900,51177,88.1
2901,51179,89.1
2902,51181,84.7
2903,51183,80.9
2904,51185,83.9
2905,51187,85.0
2906,51191,84.5
2907,51193,80.3
2908,51195,84.8
2909,51197,84.5
2910,51199,89.9
2911,51510,87.2
2912,51520,85.7
2913,51530,83.4
2914,51540,84.5
2915,51550,87.7
2916,51570,84.9
2917,51580,81.6
2918,51590,84.7
2919,51595,81.3
2920,51600,85.2
2921,51610,91.6
2922,51620,83.1
2923,51630,85.1
2924,51640,81.1
2925,51650,86.8
2926,51660,81.3
2927,51670,82.7
2928,51678,83.5
2929,51680,87.1
2930,51683,81.8
2931,51685,79.5
2932,51690,83.4
2933,51700,86.7
2934,51710,84.2
2935,51720,87.1
2936,51730,83.7
2937,51735,89.2
2938,51740,85.3
2939,51750,84.1
2940,51760,83.8
2941,51770,84.5
2942,51775,88.1
2943,51790,84.8
2944,51800,86.8
2945,51810,88.4
2946,51820,82.6
2947,51830,89.1
2948,51840,82.1
2949,53001,76.6
2950,53003,85.6
2951,53005,86.4
2952,53007,80.9
2953,53009,81.9
2954,53011,86.0
2955,53013,81.9
2956,53015,84.8
2957,53017,80.3
2958,53019,82.3
2959,53021,73.9
2960,53023,81.5
2961,53025,78.1
2962,53027,82.0
2963,53029,87.3
2964,53031,84.1
2965,53033,88.6
2966,53035,86.9
2967,53037,83.5
2968,53039,82.3
2969,53041,83.5
2970,53043,85.6
2971,53045,83.8
2972,53047,78.8
2973,53049,80.4
2974,53051,85.2
2975,53053,86.6
2976,53055,83.6
2977,53057,82.9
2978,53059,85.5
2979,53061,86.7
2980,53063,86.7
2981,53065,84.1
2982,53067,87.5
2983,53069,83.3
2984,53071,84.3
2985,53073,84.1
2986,53075,85.1
2987,53077,75.9
2988,54001,80.6
2989,54003,83.3
2990,54005,84.4
2991,54007,80.1
2992,54009,84.7
2993,54011,83.6
2994,54013,77.8
2995,54015,80.8
2996,54017,76.9
2997,54019,80.7
2998,54021,76.6
2999,54023,80.7
3000,54025,80.7
3001,54027,78.6
3002,54029,84.7
3003,54031,82.6
3004,54033,82.0
3005,54035,83.2
3006,54037,84.9
3007,54039,83.8
3008,54041,79.7
3009,54043,79.9
3010,54045,81.7
3011,54047,81.9
3012,54049,82.5
3013,54051,83.8
3014,54053,85.3
3015,54055,82.6
3016,54057,84.0
3017,54059,81.2
3018,54061,83.1
3019,54063,79.4
3020,54065,80.7
3021,54067,80.1
3022,54069,84.3
3023,54071,78.5
3024,54073,82.0
3025,54075,80.3
3026,54077,79.0
3027,54079,86.0
3028,54081,82.6
3029,54083,80.8
3030,54085,80.3
3031,54087,79.3
3032,54089,79.6
3033,54091,80.8
3034,54093,79.4
3035,54095,82.5
3036,54097,81.0
3037,54099,82.2
3038,54101,79.1
3039,54103,82.5
3040,54105,76.4
3041,54107,84.4
3042,54109,80.8
3043,55001,87.9
3044,55003,87.5
3045,55005,89.0
3046,55007,85.0
3047,55009,90.3
3048,55011,90.3
3049,55013,87.3
3050,55015,91.7
3051,55017,89.2
3052,55019,83.8
3053,55021,91.0
3054,55023,89.1
3055,55025,91.8
3056,55027,90.6
3057,55029,88.3
3058,55031,89.3
3059,55033,89.4
3060,55035,90.4
3061,55037,85.3
3062,55039,91.5
3063,55041,83.1
3064,55043,89.4
3065,55045,89.7
3066,55047,88.7
3067,55049,90.1
3068,55051,85.4
3069,55053,87.0
3070,55055,89.8
3071,55057,88.0
3072,55059,89.4
3073,55061,90.0
3074,55063,91.9
3075,55065,87.9
3076,55067,88.4
3077,55069,89.5
3078,55071,90.3
3079,55073,90.9
3080,55075,90.5
3081,55077,88.0
3082,55078,86.2
3083,55079,87.8
3084,55081,87.1
3085,55083,89.3
3086,55085,89.3
3087,55087,91.0
3088,55089,93.2
3089,55091,87.4
3090,55093,90.3
3091,55095,89.3
3092,55097,91.1
3093,55099,89.7
3094,55101,89.2
3095,55103,88.3
3096,55105,89.1
3097,55107,89.1
3098,55109,92.2
3099,55111,90.0
3100,55113,84.6
3101,55115,87.5
3102,55117,90.3
3103,55119,89.3
3104,55121,90.3
3105,55123,86.8
3106,55125,85.3
3107,55127,88.7
3108,55129,87.6
3109,55131,92.2
3110,55133,93.6
3111,55135,90.4
3112,55137,85.8
3113,55139,90.6
3114,55141,91.1
3115,56001,84.1
3116,56003,82.2
3117,56005,86.4
3118,56007,82.6
3119,56009,85.8
3120,56011,81.8
3121,56013,80.1
3122,56015,83.5
3123,56017,81.3
3124,56019,81.9
3125,56021,85.9
3126,56023,83.0
3127,56025,84.8
3128,56027,78.0
3129,56029,83.9
3130,56031,80.8
3131,56033,83.9
3132,56035,84.8
3133,56037,85.5
3134,56039,84.7
3135,56041,84.5
3136,56043,81.3
3137,56045,82.2
